FIPS,HR_UID,nameid,province,region,analysisTime,dates,compute_time,divergences,draws,tunes,pointprevalence_025,pointprevalence_50,pointprevalence_975,pointinfections_025,pointinfections_50,pointinfections_975,pointinfectious_025,pointinfectious_50,pointinfectious_975,pointinfectiousprevalence_025,pointinfectiousprevalence_50,pointinfectiousprevalence_975,infectrate_025,infectrate_50,infectrate_975
1003,0,USAlabamaBaldwin,Alabama,Baldwin,2020-09-09 18:01:57.454556,2020-09-09 00:00:00.000000,0:27:21.155372,3,40,100,0.35765807,3.31200823,9.41777393,798,7393,21023,514,6284,20639,0.23037216,2.81521455,9.24582448,0.30810930,0.68298991,3.02186450
1025,0,USAlabamaClarke,Alabama,Clarke,2020-09-09 17:49:13.435667,2020-09-09 00:00:00.000000,0:18:55.002912,0,40,100,0.15145012,1.52376884,14.78843857,35,359,3493,25,296,3268,0.10825000,1.25439654,13.83683781,0.17339756,0.49643441,2.58242318
1027,0,USAlabamaClay,Alabama,Clay,2020-09-09 17:50:58.267468,2020-09-09 00:00:00.000000,0:20:44.582627,0,40,100,1.47793968,9.66438282,91.49787770,195,1279,12109,93,1048,8391,0.70455141,7.92223324,63.40389609,0.33003551,0.86190500,2.87140670
1029,0,USAlabamaCleburne,Alabama,Cleburne,2020-09-09 17:55:14.721178,2020-09-09 00:00:00.000000,0:25:04.749132,0,40,100,1.64652111,8.93974389,91.58216569,245,1332,13654,97,557,9294,0.65113409,3.73827774,62.33991580,0.17953619,0.74587771,1.81839415
1057,0,USAlabamaFayette,Alabama,Fayette,2020-09-09 17:52:57.444758,2020-09-09 00:00:00.000000,0:26:03.161813,0,40,100,5.79526358,11.75522587,40.54451496,944,1916,6609,764,1704,4425,4.68687488,10.45809963,27.14698507,0.13683364,0.77719213,4.47906564
1085,0,USAlabamaLowndes,Alabama,Lowndes,2020-09-09 18:01:09.301154,2020-09-09 00:00:00.000000,0:37:57.267835,29,40,100,0.39330152,0.64176419,2.98966418,38,62,290,19,37,164,0.19857336,0.38819037,1.68687203,0.27315794,0.62993905,1.03307766
1105,0,USAlabamaPerry,Alabama,Perry,2020-09-09 17:38:03.340979,2020-09-09 00:00:00.000000,0:17:45.131897,0,40,100,0.16248728,0.60996899,2.36016865,14,54,210,11,31,142,0.12459039,0.35486135,1.59489539,0.23159632,0.93729690,2.72651611
1133,0,USAlabamaWinston,Alabama,Winston,2020-09-09 17:41:26.598803,2020-09-09 00:00:00.000000,0:25:10.664497,0,40,100,2.49206130,9.68089998,69.09019564,588,2287,16325,132,1910,16230,0.56073681,8.08538102,68.68777412,0.26144845,0.60235096,3.05198186
2180,0,USAlaskaNome,Alaska,Nome,2020-09-09 17:31:24.807234,2020-09-09 00:00:00.000000,0:20:15.627592,0,40,100,5.31153239,22.52105564,58.23495874,531,2253,5825,46,396,1438,0.46829460,3.96699292,14.38351799,0.20171039,0.56442211,1.58629590
2185,0,USAlaskaNorthSlope,Alaska,North Slope,2020-09-09 17:34:23.285666,2020-09-09 00:00:00.000000,0:23:35.190838,0,40,100,2.65627956,21.70045462,65.90430619,261,2133,6479,39,375,1853,0.39712303,3.82383670,18.85158106,0.30238488,0.76957114,1.90564585
4023,0,USArizonaSantaCruz,Arizona,Santa Cruz,2020-09-09 17:25:02.696088,2020-09-09 00:00:00.000000,0:19:46.084354,2,40,100,0.31548548,7.02455433,65.72961660,146,3266,30562,127,3147,30440,0.27522055,6.76912875,65.46628422,0.27710483,0.97156610,3.59141407
4027,0,USArizonaYuma,Arizona,Yuma,2020-09-09 17:30:30.732690,2020-09-09 00:00:00.000000,0:25:47.407182,5,40,100,0.21775273,9.95170618,84.20832269,465,21275,180026,396,20262,178167,0.18540588,9.47811666,83.33890972,0.22005604,0.66746296,3.06289517
5005,0,USArkansasBaxter,Arkansas,Baxter,2020-09-09 17:30:21.453829,2020-09-09 00:00:00.000000,0:26:58.425027,0,40,100,5.29092916,26.20878351,86.38089367,2218,10989,36221,256,4152,22694,0.61211361,9.90261677,54.12179432,0.10484916,0.93922466,5.25937659
5009,0,USArkansasBoone,Arkansas,Boone,2020-09-09 17:28:36.840265,2020-09-09 00:00:00.000000,0:26:33.256039,0,40,100,13.68077625,34.68946005,87.04466025,5120,12984,32582,1487,4601,16515,3.97282881,12.29360217,44.12267203,0.22195758,1.36945836,8.06542968
5011,0,USArkansasBradley,Arkansas,Bradley,2020-09-09 17:21:22.880134,2020-09-09 00:00:00.000000,0:19:29.066524,0,40,100,6.29103321,29.43947239,87.75424900,677,3168,9444,437,1200,4427,4.06415949,11.15761477,41.13173698,0.16805423,0.69370323,3.10844842
5015,0,USArkansasCarroll,Arkansas,Carroll,2020-09-09 17:26:25.972579,2020-09-09 00:00:00.000000,0:24:48.925375,0,40,100,1.82151470,11.03161362,69.96683059,516,3130,19856,263,3086,19761,0.92691342,10.87721118,69.63217107,0.08908651,0.34913605,4.25886615
5017,0,USArkansasChicot,Arkansas,Chicot,2020-09-09 17:19:48.503031,2020-09-09 00:00:00.000000,0:18:21.970756,0,40,100,0.10845263,0.72667499,3.38897130,10,73,342,7,58,292,0.07645533,0.57832506,2.88595040,0.29973442,0.74374182,2.19942817
5033,0,USArkansasCrawford,Arkansas,Crawford,2020-09-09 17:25:25.131106,2020-09-09 00:00:00.000000,0:26:08.323387,0,40,100,6.44723942,11.71638868,60.41063106,4078,7411,38213,3780,6580,27923,5.97708409,10.40345274,44.14236621,0.22483974,1.12748645,8.20152207
5049,0,USArkansasFulton,Arkansas,Fulton,2020-09-09 17:21:11.420553,2020-09-09 00:00:00.000000,0:22:56.034061,0,40,100,8.32001020,25.57401758,65.22313069,1038,3190,8137,94,682,1887,0.75389830,5.46922171,15.12772459,0.20834959,0.79858309,3.99710333
5059,0,USArkansasHotSpring,Arkansas,Hot Spring,2020-09-09 17:17:14.287870,2020-09-09 00:00:00.000000,0:21:07.130923,0,40,100,0.12731273,0.46395291,1.85848981,42,156,627,33,133,573,0.09895043,0.39455355,1.69753544,0.23840964,0.51972322,1.71949152
5065,0,USArkansasIzard,Arkansas,Izard,2020-09-09 17:17:07.594304,2020-09-09 00:00:00.000000,0:22:50.127941,0,40,100,0.65022955,11.69575773,66.88884471,88,1594,9116,43,782,1781,0.31559838,5.74132528,13.07210538,0.34094494,0.72121762,1.80102724
5077,0,USArkansasLee,Arkansas,Lee,2020-09-09 17:11:57.273197,2020-09-09 00:00:00.000000,0:20:43.452228,0,40,100,0.12456017,0.40637308,1.09863232,11,35,97,7,28,89,0.08975810,0.32317979,1.01597235,0.27109048,0.84025687,2.28197504
5079,0,USArkansasLincoln,Arkansas,Lincoln,2020-09-09 17:14:20.720293,2020-09-09 00:00:00.000000,0:23:09.710879,0,40,100,3.79254018,6.08375120,8.93660366,493,792,1163,330,577,878,2.53652082,4.43154043,6.74585514,0.77714087,1.15533290,2.26350871
5097,0,USArkansasMontgomery,Arkansas,Montgomery,2020-09-09 17:09:49.594526,2020-09-09 00:00:00.000000,0:21:30.109361,0,40,100,4.27448377,18.62272778,51.57163405,384,1673,4634,215,642,1528,2.39754288,7.15517595,17.01070823,0.45656064,0.93720487,2.46464133
5103,0,USArkansasOuachita,Arkansas,Ouachita,2020-09-09 17:09:19.028247,2020-09-09 00:00:00.000000,0:24:25.175701,1,40,100,9.14617685,26.69039963,80.42277849,2138,6240,18804,218,2325,10437,0.93641921,9.94457065,44.64042220,0.30226399,0.97120848,6.14260771
5107,0,USArkansasPhillips,Arkansas,Phillips,2020-09-09 17:04:24.710669,2020-09-09 00:00:00.000000,0:19:58.472026,0,40,100,0.70796260,4.14977057,16.52775411,125,737,2938,69,504,2927,0.38968585,2.83461975,16.46417203,0.20484270,0.78549404,1.74504911
5115,0,USArkansasPope,Arkansas,Pope,2020-09-09 17:10:17.539291,2020-09-09 00:00:00.000000,0:29:39.222150,0,40,100,3.84759355,8.35376293,35.44104323,2465,5352,22707,2246,5021,20938,3.50613422,7.83790173,32.68009768,0.30027432,0.80665723,4.13407516
5123,0,USArkansasSt.Francis,Arkansas,St. Francis,2020-09-09 17:09:35.197933,2020-09-09 00:00:00.000000,0:29:19.833293,0,40,100,0.20732763,0.49343372,42.52676152,51,123,10629,47,115,10562,0.18960335,0.46335566,42.26149094,0.21808526,0.75305914,3.80866496
5131,0,USArkansasSebastian,Arkansas,Sebastian,2020-09-09 17:08:38.647690,2020-09-09 00:00:00.000000,0:29:53.277792,2,40,100,0.45490654,4.86914161,48.27711654,581,6224,61711,390,4311,60810,0.30510536,3.37280103,47.57272860,0.11750311,0.36969031,1.65451377
5133,0,USArkansasSevier,Arkansas,Sevier,2020-09-09 16:58:25.698880,2020-09-09 00:00:00.000000,0:20:07.793197,0,40,100,0.87834298,1.82762590,55.12293695,149,310,9374,136,295,9311,0.80118630,1.73526947,54.74894826,0.23912823,1.05956179,3.17578866
6007,0,USCaliforniaButte,California,Butte,2020-09-09 17:11:20.366581,2020-09-09 00:00:00.000000,0:36:33.524179,0,40,100,6.47286908,18.47991766,86.00291216,14187,40505,188506,13559,37590,173781,6.18612658,17.15000158,79.28484792,0.20892767,0.87943659,2.97247286
6009,0,USCaliforniaCalaveras,California,Calaveras,2020-09-09 17:04:57.304549,2020-09-09 00:00:00.000000,0:30:10.340736,1,40,100,7.77994468,18.12922734,74.97270245,3571,8322,34416,834,3806,20185,1.81834161,8.29144426,43.97220806,0.16626874,0.60786579,1.93415386
6021,0,USCaliforniaGlenn,California,Glenn,2020-09-09 17:35:22.736534,2020-09-09 00:00:00.000000,1:02:01.786603,0,40,100,2.34863541,5.94673628,23.67759821,666,1688,6722,273,539,2072,0.96221264,1.89897883,7.29766274,0.25573353,0.34471562,0.56093659
6025,0,USCaliforniaImperial,California,Imperial,2020-09-09 17:47:38.926644,2020-09-09 00:00:00.000000,1:14:33.537706,0,40,100,0.71033221,1.03969413,1.67023425,1287,1884,3026,1171,1793,2943,0.64671368,0.98987137,1.62421399,0.63094781,0.89900844,1.45811693
6033,0,USCaliforniaLake,California,Lake,2020-09-09 16:57:08.084788,2020-09-09 00:00:00.000000,0:25:15.545551,0,40,100,6.72766632,11.22916370,27.30861722,4331,7230,17582,4127,6987,15777,6.40999125,10.85212116,24.50521278,0.58915837,1.76943683,5.79786012
6039,0,USCaliforniaMadera,California,Madera,2020-09-09 17:33:28.136319,2020-09-09 00:00:00.000000,1:01:58.795135,0,40,100,3.85574639,6.04257018,10.17181169,6066,9506,16003,5480,5970,7444,3.48353496,3.79467741,4.73188911,0.67140643,0.96847768,1.21774015
6041,0,USCaliforniaMarin,California,Marin,2020-09-09 17:01:28.038389,2020-09-09 00:00:00.000000,0:29:57.453790,2,40,100,0.32961800,2.53015123,8.08230320,853,6548,20919,500,5018,20839,0.19331591,1.93886209,8.05147651,0.49259975,0.95222357,4.41290347
6047,0,USCaliforniaMerced,California,Merced,2020-09-09 16:59:51.839670,2020-09-09 00:00:00.000000,0:28:36.171916,9,40,100,0.28541218,1.53413362,9.71937823,792,4259,26988,480,2592,19773,0.17288168,0.93345648,7.12110013,0.13369941,0.45239301,1.44968948
6069,0,USCaliforniaSanBenito,California,San Benito,2020-09-09 16:55:46.518143,2020-09-09 00:00:00.000000,0:25:55.968443,0,40,100,7.23242130,12.97270368,50.55378531,4542,8147,31751,3822,6922,25927,6.08564820,11.02244106,41.27980504,0.23606142,1.14982425,8.14497702
6077,0,USCaliforniaSanJoaquin,California,San Joaquin,2020-09-09 16:55:31.646936,2020-09-09 00:00:00.000000,0:27:20.806233,0,40,100,2.22581720,8.34699139,92.54487499,16964,63616,705328,14958,63044,697174,1.96270157,8.27198368,91.47494421,0.13021825,0.66565991,3.63128891
6087,0,USCaliforniaSantaCruz,California,Santa Cruz,2020-09-09 16:56:40.220939,2020-09-09 00:00:00.000000,0:30:23.459091,0,40,100,1.48291882,9.33095850,61.51579888,4051,25493,168069,1352,24076,139756,0.49509049,8.81234962,51.15301178,0.14786292,0.39049039,1.95844281
6093,0,USCaliforniaSiskiyou,California,Siskiyou,2020-09-09 16:53:08.120303,2020-09-09 00:00:00.000000,0:27:00.242096,0,40,100,7.91244346,17.30879583,49.06217343,3444,7536,21361,3194,5163,13590,7.33804097,11.85888720,31.21476710,0.37755669,0.88857625,2.04738015
6115,0,USCaliforniaYuba,California,Yuba,2020-09-09 16:50:31.068806,2020-09-09 00:00:00.000000,0:25:49.014083,0,40,100,5.71127871,9.16944089,18.23422339,4492,7213,14344,4347,7045,13507,5.52664279,8.95567208,17.16970206,0.32912927,1.06556582,4.44533786
8075,0,USColoradoLogan,Colorado,Logan,2020-09-09 16:34:45.004855,2020-09-09 00:00:00.000000,0:24:22.977026,0,40,100,0.16846972,29.97601239,75.54578464,37,6717,16929,29,6655,16899,0.12972154,29.70131828,75.41373273,0.20251221,0.44521733,2.04043870
8109,0,USColoradoSaguache,Colorado,Saguache,2020-09-09 16:20:07.983865,2020-09-09 00:00:00.000000,0:15:18.255494,0,40,100,0.00641375,0.03551516,0.20731923,0,2,14,0,1,11,0.00459922,0.02596488,0.16166344,0.06144009,0.14796251,0.51963651
12003,0,USFloridaBaker,Florida,Baker,2020-09-09 16:22:39.362108,2020-09-09 00:00:00.000000,0:25:06.284905,0,40,100,2.53243469,5.42193350,12.25578014,739,1583,3579,530,1202,3111,1.81734116,4.11804707,10.65058308,0.34977462,0.63766230,1.08215043
12013,0,USFloridaCalhoun,Florida,Calhoun,2020-09-09 16:12:52.060494,2020-09-09 00:00:00.000000,0:17:15.020684,0,40,100,0.42780330,1.84637045,8.53586396,60,260,1203,35,152,560,0.25078777,1.07867218,3.97218662,0.22723271,0.66855795,3.13493061
12023,0,USFloridaColumbia,Florida,Columbia,2020-09-09 16:18:09.369044,2020-09-09 00:00:00.000000,0:23:55.040317,0,40,100,0.67130084,1.45206387,4.21547105,481,1040,3021,354,772,2441,0.49426238,1.07771470,3.40537669,0.26528334,0.68893694,1.63555836
12029,0,USFloridaDixie,Florida,Dixie,2020-09-09 16:16:02.177085,2020-09-09 00:00:00.000000,0:22:34.841579,0,40,100,1.57917784,2.85458370,6.98943245,265,480,1176,174,364,989,1.03749865,2.16633129,5.88169331,0.26799347,0.63145137,1.11725327
12037,0,USFloridaFranklin,Florida,Franklin,2020-09-09 16:12:23.332885,2020-09-09 00:00:00.000000,0:19:48.824988,0,40,100,1.43362779,4.35964239,14.09245915,173,528,1708,138,453,1603,1.14290301,3.74336579,13.22220970,0.18561419,0.34432568,0.76015263
12045,0,USFloridaGulf,Florida,Gulf,2020-09-09 16:11:09.621983,2020-09-09 00:00:00.000000,0:19:23.215659,0,40,100,0.44387209,1.08230127,2.24103864,60,147,305,42,110,233,0.31257827,0.80958088,1.70985990,0.30779953,0.54328115,0.97779347
12049,0,USFloridaHardee,Florida,Hardee,2020-09-09 16:08:51.945715,2020-09-09 00:00:00.000000,0:18:08.851255,6,40,100,2.35850222,10.91503734,91.19124221,635,2940,24564,477,1376,19830,1.77281309,5.10834516,73.61822491,0.23584085,0.97791938,1.99805974
12059,0,USFloridaHolmes,Florida,Holmes,2020-09-09 16:11:50.886767,2020-09-09 00:00:00.000000,0:22:49.971228,0,40,100,2.09806493,3.62684102,9.45999604,411,711,1855,388,691,1842,1.97857830,3.52344698,9.39457314,0.17796979,0.95442150,4.89438037
12065,0,USFloridaJefferson,Florida,Jefferson,2020-09-09 16:07:19.446348,2020-09-09 00:00:00.000000,0:19:07.649791,0,40,100,0.23722868,0.53645513,1.25216324,33,76,178,24,58,149,0.17537564,0.40798317,1.05045341,0.13554211,0.26729176,0.59887923
12067,0,USFloridaLafayette,Florida,Lafayette,2020-09-09 16:13:34.975282,2020-09-09 00:00:00.000000,0:25:31.627356,2,40,100,61.29545843,75.65407129,78.59651392,5162,6371,6619,5117,6362,6613,60.76115467,75.54531385,78.52876813,0.36619887,0.74194050,1.53270268
12087,0,USFloridaMonroe,Florida,Monroe,2020-09-09 16:12:52.241703,2020-09-09 00:00:00.000000,0:27:26.611508,1,40,100,0.08695843,1.87677911,5.13722662,64,1393,3813,34,1233,3702,0.04677709,1.66153152,4.98785365,0.20150304,0.55839369,2.61749153
12089,0,USFloridaNassau,Florida,Nassau,2020-09-09 16:10:03.055071,2020-09-09 00:00:00.000000,0:24:42.071389,0,40,100,4.47011309,6.50699206,12.99879560,3961,5766,11520,3896,5726,11489,4.39689464,6.46197302,12.96382038,0.27208866,1.20316064,3.40570001
12093,0,USFloridaOkeechobee,Florida,Okeechobee,2020-09-09 16:07:04.162710,2020-09-09 00:00:00.000000,0:22:24.384508,1,40,100,0.72025809,1.80661954,5.01478706,303,761,2114,101,234,608,0.24000947,0.55534140,1.44405952,0.14894648,0.34232718,1.03585021
12103,0,USFloridaPinellas,Florida,Pinellas,2020-09-09 16:23:53.961006,2020-09-09 00:00:00.000000,0:40:27.137368,2,40,100,0.29178562,2.43711606,4.78470433,2844,23761,46650,2190,22537,46278,0.22465761,2.31152383,4.74652900,0.18133599,0.33232161,1.70173195
12109,0,USFloridaSt.Johns,Florida,St. Johns,2020-09-09 16:12:54.843967,2020-09-09 00:00:00.000000,0:31:18.143202,2,40,100,0.72182069,3.81181072,8.95447217,1910,10088,23699,1183,8795,23640,0.44732658,3.32322573,8.93188769,0.44537996,0.80700237,2.66746417
12113,0,USFloridaSantaRosa,Florida,Santa Rosa,2020-09-09 16:21:57.284149,2020-09-09 00:00:00.000000,0:40:48.661290,7,40,100,0.34471865,2.51137941,6.33600103,635,4628,11678,355,3928,11547,0.19278311,2.13138722,6.26505639,0.42231716,0.95753541,1.54141857
12123,0,USFloridaTaylor,Florida,Taylor,2020-09-09 16:08:48.611631,2020-09-09 00:00:00.000000,0:29:44.477469,0,40,100,0.54767689,3.45852172,49.52234929,118,745,10681,94,654,10495,0.43602943,3.03294822,48.66117899,0.14942902,0.29872531,0.78992161
13003,0,USGeorgiaAtkinson,Georgia,Atkinson,2020-09-09 15:57:13.273965,2020-09-09 00:00:00.000000,0:20:16.038909,0,40,100,1.17727003,4.54653228,64.52626214,96,371,5268,37,170,3123,0.46201263,2.08456461,38.25937383,0.42870927,1.13045551,6.40305389
13005,0,USGeorgiaBacon,Georgia,Bacon,2020-09-09 15:56:13.625505,2020-09-09 00:00:00.000000,0:19:16.919821,0,40,100,2.02055137,6.96490433,82.44447599,225,777,9204,179,761,9086,1.60864038,6.82101249,81.39142554,0.11785738,0.39260968,1.96900932
13017,0,USGeorgiaBenHill,Georgia,Ben Hill,2020-09-09 16:00:17.592151,2020-09-09 00:00:00.000000,0:24:53.899014,0,40,100,2.21858559,6.91391745,32.39458811,370,1154,5409,131,365,1246,0.78608284,2.18876000,7.46466088,0.20927737,0.50390286,2.02416279
13019,0,USGeorgiaBerrien,Georgia,Berrien,2020-09-09 15:53:54.991911,2020-09-09 00:00:00.000000,0:18:51.004047,2,40,100,2.67948608,6.71375739,17.34605813,519,1302,3364,193,941,3260,0.99500002,4.85476064,16.80842210,0.06528727,0.21623702,1.24966977
13043,0,USGeorgiaCandler,Georgia,Candler,2020-09-09 15:53:16.189097,2020-09-09 00:00:00.000000,0:21:25.748118,0,40,100,3.99973566,7.38562429,17.94824906,432,797,1938,343,748,1701,3.18246585,6.93240661,15.74785170,0.22158476,1.08140000,2.39128547
13053,0,USGeorgiaChattahoochee,Georgia,Chattahoochee,2020-09-09 15:55:23.450650,2020-09-09 00:00:00.000000,0:25:07.494150,0,40,100,6.23666622,10.88012528,18.91059931,680,1186,2062,450,900,1690,4.13241236,8.25332046,15.49922574,0.74307024,1.01287844,1.87913051
13101,0,USGeorgiaEchols,Georgia,Echols,2020-09-09 15:45:36.860739,2020-09-09 00:00:00.000000,0:21:21.631451,0,40,100,0.05089925,0.20125145,0.97189926,2,8,38,1,5,34,0.03856428,0.14643176,0.87281770,0.16718128,0.84940621,1.76019895
13107,0,USGeorgiaEmanuel,Georgia,Emanuel,2020-09-09 15:52:42.042221,2020-09-09 00:00:00.000000,0:29:09.056011,0,40,100,6.79544283,18.30197523,79.83623935,1538,4144,18079,1282,2948,13416,5.66113372,13.01833452,59.24521028,0.22680241,1.14430901,5.02704638
13155,0,USGeorgiaIrwin,Georgia,Irwin,2020-09-09 15:36:29.633363,2020-09-09 00:00:00.000000,0:20:05.785626,0,40,100,5.26941053,20.76351326,70.58495363,496,1955,6646,129,781,3653,1.37204337,8.30357011,38.80274653,0.16594732,0.56660131,1.68936560
13161,0,USGeorgiaJeffDavis,Georgia,Jeff Davis,2020-09-09 15:36:19.472805,2020-09-09 00:00:00.000000,0:21:13.636916,0,40,100,0.83341027,2.82829349,8.23740483,125,427,1245,67,183,524,0.44467084,1.21288978,3.46791916,0.32521909,0.84291417,6.33776376
13163,0,USGeorgiaJefferson,Georgia,Jefferson,2020-09-09 15:51:42.239882,2020-09-09 00:00:00.000000,0:36:40.924774,7,40,100,2.46303802,3.81662291,6.80468759,378,586,1045,334,540,1030,2.17799781,3.52158949,6.70964673,0.57155911,1.21115298,4.95637492
13165,0,USGeorgiaJenkins,Georgia,Jenkins,2020-09-09 15:33:16.415749,2020-09-09 00:00:00.000000,0:18:53.665352,0,40,100,4.29381330,9.87579606,62.55653298,372,856,5427,264,771,4377,3.05268850,8.89222472,50.45729440,0.27952518,0.81715632,3.83287500
13191,0,USGeorgiaMcIntosh,Georgia,McIntosh,2020-09-09 15:32:23.222870,2020-09-09 00:00:00.000000,0:22:05.626367,0,40,100,6.53758193,10.73736106,20.50505350,939,1543,2948,869,1397,2819,6.04712368,9.72105042,19.60719257,0.27784335,1.13080649,3.93948744
13209,0,USGeorgiaMontgomery,Georgia,Montgomery,2020-09-09 15:33:41.600788,2020-09-09 00:00:00.000000,0:26:05.847849,2,40,100,4.38929308,14.24427043,47.66653823,402,1306,4371,367,798,2873,4.00585584,8.70238052,31.32717559,0.21210571,0.52723102,4.52425548
13243,0,USGeorgiaRandolph,Georgia,Randolph,2020-09-09 15:46:48.223221,2020-09-09 00:00:00.000000,0:45:26.428388,1,40,100,0.32146672,11.18378679,82.69608463,21,758,5605,20,746,5598,0.29813360,11.01583853,82.59298067,0.30400406,0.92331668,3.36956032
13269,0,USGeorgiaTaylor,Georgia,Taylor,2020-09-09 15:20:42.707118,2020-09-09 00:00:00.000000,0:22:49.320765,0,40,100,0.04211299,7.30048698,57.96110950,3,585,4648,1,108,968,0.01405469,1.35310364,12.07076103,0.40246374,1.00064711,3.26459745
13281,0,USGeorgiaTowns,Georgia,Towns,2020-09-09 15:17:53.664525,2020-09-09 00:00:00.000000,0:21:40.377366,0,40,100,0.86502031,11.86459795,53.70279049,104,1428,6464,81,873,2738,0.67642384,7.25882796,22.75183822,0.11435006,0.87721727,3.31815873
13283,0,USGeorgiaTreutlen,Georgia,Treutlen,2020-09-09 15:16:04.603533,2020-09-09 00:00:00.000000,0:19:58.761674,0,40,100,10.02543773,29.92827961,93.80531190,691,2065,6473,279,607,3348,4.04679705,8.80629401,48.52703344,0.15920846,1.53212170,8.66722217
16013,0,USIdahoBlaine,Idaho,Blaine,2020-09-09 15:10:20.602557,2020-09-09 00:00:00.000000,0:20:38.628754,4,40,100,0.05053520,5.58225627,84.40075599,11,1285,19429,10,1261,19415,0.04706950,5.48189797,84.33971262,0.07897197,0.27112713,0.98286831
16077,0,USIdahoPower,Idaho,Power,2020-09-09 15:04:30.713070,2020-09-09 00:00:00.000000,0:24:53.106415,0,40,100,3.88209224,26.50239698,77.04420444,298,2035,5917,116,631,1898,1.51476575,8.22410323,24.71084835,0.31234560,1.01451635,2.13812515
17005,0,USIllinoisBond,Illinois,Bond,2020-09-09 15:00:25.855366,2020-09-09 00:00:00.000000,0:23:02.387824,1,40,100,6.69716585,11.92083961,54.40406908,1100,1958,8936,428,809,1686,2.60574342,4.92622587,10.26965404,0.54024371,1.02956029,1.86402797
17033,0,USIllinoisCrawford,Illinois,Crawford,2020-09-09 14:53:09.958080,2020-09-09 00:00:00.000000,0:18:58.270060,0,40,100,7.00508804,12.12381557,23.52288089,1307,2263,4391,785,1380,2525,4.20545230,7.39319299,13.53019385,0.66900152,1.04046983,1.61091321
17087,0,USIllinoisJohnson,Illinois,Johnson,2020-09-09 14:49:33.667597,2020-09-09 00:00:00.000000,0:23:38.451537,0,40,100,6.34680269,15.10016727,72.85771988,788,1874,9046,124,993,6369,1.00583652,8.00118605,51.29733512,0.19998480,0.79065849,4.88427773
17109,0,USIllinoisMcDonough,Illinois,McDonough,2020-09-09 14:42:00.415878,2020-09-09 00:00:00.000000,0:18:20.484054,0,40,100,2.28177276,4.22226925,12.64659739,677,1253,3753,372,734,2389,1.25467501,2.47323644,8.04924077,0.66327333,1.02234162,1.62953659
17125,0,USIllinoisMason,Illinois,Mason,2020-09-09 14:50:24.422007,2020-09-09 00:00:00.000000,0:28:14.646917,0,40,100,0.68345371,23.04105992,72.71594087,91,3078,9714,20,643,2587,0.15527724,4.81789418,19.36735979,0.28291740,0.89290681,2.01517544
17199,0,USIllinoisWilliamson,Illinois,Williamson,2020-09-09 14:37:04.707509,2020-09-09 00:00:00.000000,0:26:42.370658,4,40,100,5.04401179,14.15448711,47.02259515,3359,9426,31315,1295,4208,11773,1.94591536,6.31887588,17.67821620,0.19267632,0.52464578,1.37956170
18017,0,USIndianaCass,Indiana,Cass,2020-09-09 14:25:47.392579,2020-09-09 00:00:00.000000,0:18:01.472831,1,40,100,0.69137832,19.27229036,83.25208123,260,7263,31376,250,7177,31349,0.66518551,19.04531984,83.18035408,0.39012839,1.47679929,6.85185386
18083,0,USIndianaKnox,Indiana,Knox,2020-09-09 14:21:50.230069,2020-09-09 00:00:00.000000,0:22:36.479991,0,40,100,0.49447114,7.48551765,57.39994895,180,2739,21004,110,855,4956,0.30289206,2.33751374,13.54419157,0.33547757,0.64949972,3.22087851
19007,0,USIowaAppanoose,Iowa,Appanoose,2020-09-09 14:05:13.618456,2020-09-09 00:00:00.000000,0:18:56.805283,0,40,100,3.85012576,19.59032093,64.89345916,478,2434,8063,89,511,2003,0.72207750,4.11729141,16.12142077,0.15405694,0.40924156,1.24594322
19021,0,USIowaBuenaVista,Iowa,Buena Vista,2020-09-09 14:02:10.382882,2020-09-09 00:00:00.000000,0:19:09.531204,0,40,100,0.04096691,0.22087224,46.79550480,8,43,9181,6,35,9120,0.03067747,0.18256158,46.48470404,0.16274467,0.45500297,1.44586932
19023,0,USIowaButler,Iowa,Butler,2020-09-09 14:06:20.655848,2020-09-09 00:00:00.000000,0:23:36.092799,1,40,100,4.55902503,16.96106742,56.16059900,658,2449,8109,105,503,2388,0.73003929,3.48478735,16.53955909,0.16084240,0.51448757,1.25480879
19037,0,USIowaChickasaw,Iowa,Chickasaw,2020-09-09 14:02:42.029724,2020-09-09 00:00:00.000000,0:21:54.463959,0,40,100,8.80301559,27.93971667,64.48833985,1050,3334,7695,216,619,1917,1.81418262,5.19176480,16.06918828,0.43095831,0.90173752,2.24898696
19055,0,USIowaDelaware,Iowa,Delaware,2020-09-09 14:04:57.006400,2020-09-09 00:00:00.000000,0:26:15.548872,1,40,100,7.26406724,15.73892648,46.69851325,1235,2677,7943,284,444,1502,1.67215827,2.61072039,8.83232095,0.39580470,0.77947452,1.62259881
19069,0,USIowaFranklin,Iowa,Franklin,2020-09-09 13:55:39.691041,2020-09-09 00:00:00.000000,0:19:32.018109,0,40,100,3.10273333,8.73118401,70.85214958,312,879,7134,118,588,4482,1.17566619,5.84488490,44.51653103,0.32292267,0.98895750,4.04805978
19083,0,USIowaHardin,Iowa,Hardin,2020-09-09 13:56:06.375873,2020-09-09 00:00:00.000000,0:23:33.939353,0,40,100,5.74531269,10.17819426,32.95444057,967,1714,5551,883,1571,3636,5.24731425,9.32715766,21.58437865,0.27004710,1.05552625,2.79840014
19091,0,USIowaHumboldt,Iowa,Humboldt,2020-09-09 13:57:29.914797,2020-09-09 00:00:00.000000,0:26:07.796965,0,40,100,0.74671860,13.43759444,57.85574869,71,1284,5529,45,334,998,0.47860522,3.50286530,10.45115163,0.26030638,0.55401105,15.41101717
19115,0,USIowaLouisa,Iowa,Louisa,2020-09-09 14:00:56.272934,2020-09-09 00:00:00.000000,0:32:45.756959,0,40,100,0.34152333,16.00071800,84.86944517,37,1765,9365,36,1744,9356,0.32634891,15.80763689,84.79330923,0.36288114,1.43102924,7.38188542
19119,0,USIowaLyon,Iowa,Lyon,2020-09-09 13:53:39.261375,2020-09-09 00:00:00.000000,0:26:00.816080,6,40,100,6.89832245,17.95985578,58.61876139,810,2111,6890,606,1352,3513,5.16255757,11.50158948,29.89023663,0.20318515,0.55019645,2.59628643
19155,0,USIowaPottawattamie,Iowa,Pottawattamie,2020-09-09 13:52:32.740372,2020-09-09 00:00:00.000000,0:30:36.159830,0,40,100,0.73635648,7.70212072,69.34630618,686,7178,64634,350,7109,64405,0.37651042,7.62730952,69.10065692,0.10712473,0.33765291,1.15529718
19177,0,USIowaVanBuren,Iowa,Van Buren,2020-09-09 13:40:38.051817,2020-09-09 00:00:00.000000,0:21:20.176292,0,40,100,2.30594501,6.09973124,13.32242314,162,429,938,119,325,750,1.68995806,4.61625885,10.65388809,0.19094112,0.27980443,0.47067868
19187,0,USIowaWebster,Iowa,Webster,2020-09-09 13:38:44.975888,2020-09-09 00:00:00.000000,0:20:24.202711,1,40,100,1.44881202,10.37833206,85.65197649,520,3726,30752,369,2130,14246,1.02798618,5.93442770,39.68031012,0.29111615,0.56852111,4.18256904
20005,0,USKansasAtchison,Kansas,Atchison,2020-09-09 13:50:18.700521,2020-09-09 00:00:00.000000,0:35:58.176669,0,40,100,2.09723873,3.85662765,7.83113505,337,619,1258,241,439,904,1.50309680,2.73745165,5.62775233,0.25920938,0.43109727,0.68039342
20013,0,USKansasBrown,Kansas,Brown,2020-09-09 13:40:35.320202,2020-09-09 00:00:00.000000,0:27:33.033909,0,40,100,3.27804993,21.43858824,57.46965587,313,2050,5496,103,676,1529,1.08197969,7.07381606,15.98814186,0.33789120,0.96240781,2.92397602
20021,0,USKansasCherokee,Kansas,Cherokee,2020-09-09 13:56:09.085090,2020-09-09 00:00:00.000000,0:44:14.874682,0,40,100,9.73881282,38.84016543,90.83279738,1941,7744,18111,746,2116,6696,3.74473397,10.61515129,33.58484405,0.33057927,0.61285040,1.99916988
20035,0,USKansasCowley,Kansas,Cowley,2020-09-09 14:17:47.808894,2020-09-09 00:00:00.000000,1:06:37.891143,0,40,100,4.70673971,14.47729649,41.62274555,1643,5053,14529,265,2648,13031,0.76053219,7.58792041,37.33129446,0.17374824,0.31655275,0.71704625
20045,0,USKansasDouglas,Kansas,Douglas,2020-09-09 14:14:19.483864,2020-09-09 00:00:00.000000,1:05:28.628117,0,40,100,12.78062191,14.50017382,18.64671366,15625,17727,22797,4488,7899,11038,3.67111305,6.46137292,9.02887159,0.47327886,0.65339190,0.81279598
20051,0,USKansasEllis,Kansas,Ellis,2020-09-09 14:09:13.075079,2020-09-09 00:00:00.000000,1:01:04.200216,0,40,100,9.18174839,14.89319076,23.22544747,2621,4252,6631,1562,2674,4183,5.47303894,9.36639260,14.65262881,0.75827563,1.20177232,2.08696534
20077,0,USKansasHarper,Kansas,Harper,2020-09-09 13:28:49.373933,2020-09-09 00:00:00.000000,0:23:56.486208,0,40,100,7.90179887,23.56927700,63.65776150,429,1281,3460,352,1132,3378,6.49034823,20.82450429,62.14671452,0.22125428,0.61002592,1.42951773
20081,0,USKansasHaskell,Kansas,Haskell,2020-09-09 13:19:55.284848,2020-09-09 00:00:00.000000,0:15:23.441424,0,40,100,8.68013075,16.83654569,28.20678157,344,668,1119,201,409,791,5.07370844,10.32983605,19.94719177,0.69382959,1.04396342,1.49096933
20113,0,USKansasMcPherson,Kansas,McPherson,2020-09-09 13:27:25.324592,2020-09-09 00:00:00.000000,0:27:01.677789,1,40,100,6.76221272,12.60222312,77.55755286,1930,3596,22136,754,2845,19272,2.64173451,9.96980906,67.52471930,0.14317417,0.64458153,3.69093243
20125,0,USKansasMontgomery,Kansas,Montgomery,2020-09-09 13:18:57.108801,2020-09-09 00:00:00.000000,0:20:11.481298,0,40,100,0.81743767,6.35616637,86.23953819,260,2023,27449,142,1433,21138,0.44750632,4.50222728,66.41227615,0.40007792,0.84220500,3.06098415
20135,0,USKansasNess,Kansas,Ness,2020-09-09 13:21:36.476983,2020-09-09 00:00:00.000000,0:24:07.439404,0,40,100,6.08443614,12.84307738,24.31594306,167,353,668,63,203,400,2.29158326,7.40111913,14.58180475,0.52125922,1.01800071,1.89293103
20139,0,USKansasOsage,Kansas,Osage,2020-09-09 13:26:57.351265,2020-09-09 00:00:00.000000,0:29:35.573951,0,40,100,5.67779759,17.34061484,80.07938273,905,2765,12771,83,1693,11280,0.52329432,10.61525675,70.72836539,0.14918438,0.56155125,1.55503864
20145,0,USKansasPawnee,Kansas,Pawnee,2020-09-09 13:40:25.602232,2020-09-09 00:00:00.000000,0:43:34.089385,0,40,100,3.12873243,5.76472922,12.23639195,200,369,784,138,266,613,2.16267800,4.16199521,9.56010783,0.47530716,0.89114738,1.82461900
20155,0,USKansasReno,Kansas,Reno,2020-09-09 13:17:18.630184,2020-09-09 00:00:00.000000,0:21:23.427635,0,40,100,6.59233702,11.38049814,88.92212968,4087,7055,55129,3370,5618,30877,5.43708776,9.06176013,49.80345016,0.34814726,0.94286097,4.64943809
20161,0,USKansasRiley,Kansas,Riley,2020-09-09 13:58:56.735628,2020-09-09 00:00:00.000000,1:03:37.401999,0,40,100,23.03591436,32.80157496,37.78412443,17100,24349,28047,4826,7269,8772,6.50158163,9.79295010,11.81763717,0.81239603,0.98405647,1.62907520
20167,0,USKansasRussell,Kansas,Russell,2020-09-09 13:13:47.106242,2020-09-09 00:00:00.000000,0:19:20.852345,0,40,100,12.14404440,20.76317182,34.46049601,832,1423,2362,513,966,1559,7.48871539,14.09041417,22.75005937,0.65406451,0.96754358,1.55435810
20205,0,USKansasWilson,Kansas,Wilson,2020-09-09 13:06:38.026172,2020-09-09 00:00:00.000000,0:20:25.577378,0,40,100,11.61437701,19.71107728,35.28800103,990,1680,3008,637,1109,2199,7.48103605,13.01278302,25.80208277,0.70515198,1.00231213,1.47159207
21011,0,USKentuckyBath,Kentucky,Bath,2020-09-09 13:06:21.980072,2020-09-09 00:00:00.000000,0:21:24.447355,0,40,100,10.10720005,35.62880402,67.77517150,1263,4453,8471,237,790,2052,1.90167187,6.32205331,16.42192903,0.32260500,0.78181257,2.35015998
21051,0,USKentuckyClay,Kentucky,Clay,2020-09-09 13:01:54.719977,2020-09-09 00:00:00.000000,0:22:06.297058,0,40,100,6.48072651,12.27226134,86.15251274,1289,2442,17145,1259,2386,16437,6.33125906,11.99345561,82.59563298,0.18818084,0.69115558,3.71908707
21079,0,USKentuckyGarrard,Kentucky,Garrard,2020-09-09 13:03:07.849847,2020-09-09 00:00:00.000000,0:26:23.805857,0,40,100,7.63629378,16.23796395,37.19299684,1349,2868,6570,200,1663,3535,1.13233956,9.41834629,20.01052819,0.11010307,0.62390007,5.65296778
21089,0,USKentuckyGreenup,Kentucky,Greenup,2020-09-09 13:00:50.366583,2020-09-09 00:00:00.000000,0:25:28.431914,0,40,100,17.86702326,47.13201245,86.32427965,6270,16542,30298,899,2385,10048,2.56372565,6.79680859,28.62984560,0.25582626,1.04563933,4.37792789
21123,0,USKentuckyLarue,Kentucky,Larue,2020-09-09 12:57:10.718613,2020-09-09 00:00:00.000000,0:28:12.507489,0,40,100,9.56787563,20.50046683,57.73744690,1377,2951,8313,715,1666,4228,4.96601177,11.57130161,29.36751300,0.18777293,0.52734778,2.06918344
21151,0,USKentuckyMadison,Kentucky,Madison,2020-09-09 12:59:59.477341,2020-09-09 00:00:00.000000,0:33:33.371908,0,40,100,13.64510542,29.55458529,87.28740756,12688,27481,81165,3118,8861,45335,3.35361149,9.52938221,48.75489465,0.18580649,0.62249327,1.46514671
21161,0,USKentuckyMason,Kentucky,Mason,2020-09-09 12:57:05.646787,2020-09-09 00:00:00.000000,0:31:49.738327,0,40,100,1.16525648,14.74210969,58.26935844,198,2516,9946,82,406,1693,0.48439684,2.38262523,9.91996824,0.41585074,0.88542878,1.69931336
21173,0,USKentuckyMontgomery,Kentucky,Montgomery,2020-09-09 12:44:52.391645,2020-09-09 00:00:00.000000,0:20:29.534935,0,40,100,4.26733231,14.05541333,67.81134724,1201,3957,19093,141,1667,17300,0.50258234,5.92312478,61.44259065,0.12541345,0.37024930,1.18036490
21177,0,USKentuckyMuhlenberg,Kentucky,Muhlenberg,2020-09-09 13:26:23.670330,2020-09-09 00:00:00.000000,1:02:42.516006,0,40,100,0.25565404,33.34752884,78.01487438,78,10211,23889,74,10129,23854,0.24234589,33.07881250,77.90003269,0.41106122,0.65112557,0.88380862
21179,0,USKentuckyNelson,Kentucky,Nelson,2020-09-09 12:48:54.017976,2020-09-09 00:00:00.000000,0:26:05.075030,2,40,100,8.70249827,21.32036755,57.07294720,4023,9857,26386,656,2286,6723,1.42054074,4.94565685,14.54363581,0.17161450,0.44890090,2.67844570
21191,0,USKentuckyPendleton,Kentucky,Pendleton,2020-09-09 12:42:38.598691,2020-09-09 00:00:00.000000,0:20:12.488418,0,40,100,2.33049715,15.33959955,54.11241688,340,2238,7895,29,548,3140,0.19951122,3.75689100,21.52477134,0.15384981,0.90568549,3.35714319
21195,0,USKentuckyPike,Kentucky,Pike,2020-09-09 12:44:38.932189,2020-09-09 00:00:00.000000,0:23:08.751801,0,40,100,4.48033940,11.77312865,65.21452425,2593,6813,37743,788,6012,35417,1.36229655,10.38882086,61.19561207,0.09797817,0.32517008,2.55521122
21203,0,USKentuckyRockcastle,Kentucky,Rockcastle,2020-09-09 12:42:22.637603,2020-09-09 00:00:00.000000,0:22:37.644315,0,40,100,1.86307688,22.33439914,61.48592153,311,3728,10265,74,1283,4077,0.44593978,7.68727202,24.42557456,0.16639762,0.66146944,2.24765770
21205,0,USKentuckyRowan,Kentucky,Rowan,2020-09-09 12:49:17.728419,2020-09-09 00:00:00.000000,0:30:21.988447,0,40,100,13.44627629,34.64706189,64.54312169,3288,8474,15787,923,1922,4456,3.77391118,7.85846989,18.21760142,0.45562656,1.10977111,2.42427716
21207,0,USKentuckyRussell,Kentucky,Russell,2020-09-09 12:40:05.063008,2020-09-09 00:00:00.000000,0:21:43.396049,0,40,100,4.30392103,16.71012909,44.29576078,771,2994,7939,122,478,3224,0.68295329,2.67101250,17.99003525,0.14401261,0.61895860,5.72622193
21219,0,USKentuckyTodd,Kentucky,Todd,2020-09-09 12:39:13.433491,2020-09-09 00:00:00.000000,0:21:49.448445,0,40,100,4.10451653,8.32817609,13.60829687,504,1023,1673,370,782,1353,3.01529699,6.36475055,11.00680603,0.21499914,0.30741303,0.51575295
21225,0,USKentuckyUnion,Kentucky,Union,2020-09-09 12:40:49.281136,2020-09-09 00:00:00.000000,0:23:50.758321,0,40,100,6.71279071,12.96695553,20.78769840,965,1864,2989,550,1112,2055,3.82966271,7.73884996,14.29456623,0.70190515,1.03623979,1.53359136
22025,0,USLouisianaCatahoula,Louisiana,Catahoula,2020-09-09 12:28:23.940586,2020-09-09 00:00:00.000000,0:18:46.176640,0,40,100,2.70605842,8.97936347,84.64803836,256,852,8036,251,828,7978,2.65149663,8.72838559,84.03839974,0.16957215,0.76121780,3.35935864
22035,0,USLouisianaEastCarroll,Louisiana,East Carroll,2020-09-09 12:26:07.013409,2020-09-09 00:00:00.000000,0:18:06.324566,0,40,100,0.10539948,0.38687834,3.30527550,7,26,226,5,19,203,0.07739748,0.29115656,2.97251711,0.17691672,0.55334088,1.71826843
22037,0,USLouisianaEastFeliciana,Louisiana,East Feliciana,2020-09-09 13:07:50.119368,2020-09-09 00:00:00.000000,1:00:22.894689,0,40,100,13.11907212,18.13873452,31.67757727,2510,3470,6061,1260,1896,2825,6.58873254,9.91146577,14.76627200,0.53954107,0.84138587,1.07538066
22039,0,USLouisianaEvangeline,Louisiana,Evangeline,2020-09-09 12:24:04.462979,2020-09-09 00:00:00.000000,0:16:40.933732,4,40,100,2.83125094,6.77489530,82.83726389,945,2262,27663,575,2015,27502,1.72390830,6.03389932,82.35491646,0.07360746,0.67238302,1.77024654
22043,0,USLouisianaGrant,Louisiana,Grant,2020-09-09 12:27:51.528380,2020-09-09 00:00:00.000000,0:20:49.954215,0,40,100,5.54885519,10.32820272,75.30734661,1242,2312,16860,1089,2128,12549,4.86791132,9.50493212,56.05101481,0.31443226,1.10715462,4.47790740
22091,0,USLouisianaSt.Helena,Louisiana,St. Helena,2020-09-09 13:03:09.381212,2020-09-09 00:00:00.000000,1:02:56.351382,0,40,100,8.73308596,21.44437488,57.41635204,884,2172,5817,366,860,1554,3.61576715,8.49544621,15.34073810,0.59981076,1.16699388,3.18927310
22107,0,USLouisianaTensas,Louisiana,Tensas,2020-09-09 12:13:38.203950,2020-09-09 00:00:00.000000,0:15:52.205953,0,40,100,1.17694672,3.47246418,8.47127019,51,150,367,34,92,265,0.78487299,2.12876643,6.12290630,0.45927265,0.92172856,3.85213698
26061,0,USMichiganHoughton,Michigan,Houghton,2020-09-09 11:55:29.288150,2020-09-09 00:00:00.000000,0:23:15.012033,0,40,100,4.56572085,8.10376439,13.47580663,1629,2891,4808,1024,1916,3142,2.87089231,5.37004746,8.80525132,0.85981113,1.03396897,1.37637954
26067,0,USMichiganIonia,Michigan,Ionia,2020-09-09 11:49:44.596461,2020-09-09 00:00:00.000000,0:17:44.726913,0,40,100,2.58444255,5.05815363,8.88646785,1672,3272,5749,993,2075,3759,1.53521357,3.20879016,5.81049247,0.70150664,1.02605014,1.62023024
27105,0,USMinnesotaNobles,Minnesota,Nobles,2020-09-09 11:20:03.043738,2020-09-09 00:00:00.000000,0:18:23.091681,2,40,100,0.24485755,16.22539520,80.31615217,52,3509,17371,49,3463,17352,0.22727486,16.01495793,80.22581255,0.29860520,0.99788704,4.38275094
27161,0,USMinnesotaWaseca,Minnesota,Waseca,2020-09-09 11:23:42.245244,2020-09-09 00:00:00.000000,0:27:47.009057,0,40,100,7.61087718,21.50243460,49.60758848,1416,4002,9232,205,708,1672,1.10527330,3.80850154,8.98513130,0.39957592,0.97544193,2.24911875
27165,0,USMinnesotaWatonwan,Minnesota,Watonwan,2020-09-09 11:12:52.941272,2020-09-09 00:00:00.000000,0:17:28.777154,0,40,100,5.54623457,11.11325623,75.14325317,604,1211,8188,203,1031,6981,1.86793504,9.46267188,64.06533216,0.15270080,0.65110557,2.16307371
28021,0,USMississippiClaiborne,Mississippi,Claiborne,2020-09-09 11:08:07.579141,2020-09-09 00:00:00.000000,0:16:23.181859,0,40,100,0.38862235,1.51375001,72.96478172,34,136,6558,14,61,6403,0.15794817,0.68327817,71.24702422,0.09984034,0.95483049,3.08209511
28029,0,USMississippiCopiah,Mississippi,Copiah,2020-09-09 11:13:43.387031,2020-09-09 00:00:00.000000,0:23:20.458659,0,40,100,1.91677579,5.86066716,18.60815303,537,1644,5222,347,1482,5185,1.23924624,5.28393851,18.47614275,0.04237532,0.21329768,0.83733399
28039,0,USMississippiGeorge,Mississippi,George,2020-09-09 11:10:14.174263,2020-09-09 00:00:00.000000,0:20:52.800010,0,40,100,0.50640456,1.03421162,2.91889893,124,253,715,87,191,599,0.35847932,0.78057749,2.44525842,0.25023861,0.63518042,1.20771263
28041,0,USMississippiGreene,Mississippi,Greene,2020-09-09 11:11:13.369213,2020-09-09 00:00:00.000000,0:22:35.840488,0,40,100,1.60621888,6.94471649,27.47159700,218,943,3732,52,415,2748,0.38386208,3.05778516,20.23369987,0.24982767,0.70820346,1.59439997
28055,0,USMississippiIssaquena,Mississippi,Issaquena,2020-09-09 11:12:01.166979,2020-09-09 00:00:00.000000,0:26:53.787122,0,40,100,79.88442564,94.00872760,99.71847853,1060,1247,1323,1051,1246,1322,79.27619156,93.90268649,99.66543345,0.48933886,0.95583455,1.62215066
28099,0,USMississippiNeshoba,Mississippi,Neshoba,2020-09-09 11:00:31.244863,2020-09-09 00:00:00.000000,0:21:13.372958,0,40,100,0.52864717,2.21345241,77.71804518,153,644,22629,84,536,22589,0.29049650,1.84238802,77.57782804,0.24367051,0.53926220,1.75908861
28105,0,USMississippiOktibbeha,Mississippi,Oktibbeha,2020-09-09 11:00:32.733867,2020-09-09 00:00:00.000000,0:22:30.127967,0,40,100,1.43677020,5.33029837,83.55399172,712,2643,41431,419,2323,41083,0.84648319,4.68475688,82.85163914,0.20877916,1.01746470,2.89006245
28115,0,USMississippiPontotoc,Mississippi,Pontotoc,2020-09-09 11:11:42.858329,2020-09-09 00:00:00.000000,0:34:46.623993,0,40,100,2.94958729,4.45490393,12.16443246,949,1433,3913,867,1346,3886,2.69644361,4.18644329,12.07907530,0.37783791,1.33001747,3.11867967
28119,0,USMississippiQuitman,Mississippi,Quitman,2020-09-09 10:55:04.262269,2020-09-09 00:00:00.000000,0:18:15.401996,0,40,100,4.45193593,14.99340443,77.95646016,302,1018,5294,114,355,2752,1.68447430,5.23903331,40.52445460,0.13944186,0.69132168,4.12753128
28125,0,USMississippiSharkey,Mississippi,Sharkey,2020-09-09 10:54:24.492686,2020-09-09 00:00:00.000000,0:18:21.117919,0,40,100,0.69176556,1.38432606,2.98913225,29,59,129,20,39,99,0.47370417,0.92427776,2.31334765,0.43252494,0.86347087,1.36914454
28135,0,USMississippiTallahatchie,Mississippi,Tallahatchie,2020-09-09 10:54:11.484339,2020-09-09 00:00:00.000000,0:19:11.612763,0,40,100,0.38446895,1.50171715,10.07445345,53,207,1391,30,140,1162,0.22436961,1.01482218,8.42070122,0.37272400,0.74733798,1.39484498
29017,0,USMissouriBollinger,Missouri,Bollinger,2020-09-09 10:49:11.336866,2020-09-09 00:00:00.000000,0:19:40.572985,2,40,100,2.58419715,14.87504854,57.62006236,313,1804,6991,144,427,1278,1.19456388,3.52504892,10.53954063,0.59434495,1.36818747,2.68401291
29059,0,USMissouriDallas,Missouri,Dallas,2020-09-09 10:49:43.198239,2020-09-09 00:00:00.000000,0:27:33.913334,0,40,100,8.08900240,16.95612991,90.25747299,1365,2861,15233,392,1893,9331,2.32533120,11.22113683,55.28736326,0.24353593,0.55486011,1.42039044
29063,0,USMissouriDeKalb,Missouri,DeKalb,2020-09-09 10:46:05.725324,2020-09-09 00:00:00.000000,0:24:44.379842,0,40,100,12.69538644,33.15332149,85.56871029,1592,4159,10736,167,681,3093,1.33889907,5.43118331,24.65226300,0.25265117,0.76230920,2.59782155
29069,0,USMissouriDunklin,Missouri,Dunklin,2020-09-09 10:43:31.132616,2020-09-09 00:00:00.000000,0:22:44.374391,0,40,100,13.34807394,34.79335329,94.79758659,3888,10135,27615,1001,3049,16502,3.43657423,10.46812379,56.64865889,0.12193303,0.58872859,2.18364393
29115,0,USMissouriLinn,Missouri,Linn,2020-09-09 10:34:38.068149,2020-09-09 00:00:00.000000,0:20:10.382298,0,40,100,1.00352997,13.76815933,54.09448473,119,1641,6448,12,125,2087,0.10455670,1.05499822,17.51013836,0.21604188,0.68482910,1.88370108
29117,0,USMissouriLivingston,Missouri,Livingston,2020-09-09 10:43:07.810293,2020-09-09 00:00:00.000000,0:29:08.566747,0,40,100,32.13845364,41.16803454,53.11978745,4893,6268,8088,3523,4852,6641,23.13664722,31.86783728,43.61645238,0.71143608,1.03371263,1.53960792
29119,0,USMissouriMcDonald,Missouri,McDonald,2020-09-09 10:35:53.473146,2020-09-09 00:00:00.000000,0:22:14.978402,0,40,100,0.08094831,0.29767220,1.31342419,18,67,299,14,57,275,0.06345451,0.25121735,1.20769525,0.16434566,0.64443312,2.50830703
29127,0,USMissouriMarion,Missouri,Marion,2020-09-09 10:39:08.891282,2020-09-09 00:00:00.000000,0:25:55.042134,2,40,100,5.84717056,27.50737527,88.69436410,1668,7847,25304,1027,3453,11852,3.60128246,12.10412919,41.54553615,0.34208550,1.06290400,3.51472010
29131,0,USMissouriMiller,Missouri,Miller,2020-09-09 10:41:31.084769,2020-09-09 00:00:00.000000,0:28:27.846482,0,40,100,7.64391050,18.82112111,61.17103570,1958,4821,15671,1773,3241,8039,6.92281201,12.65366282,31.38000006,0.31932510,1.09802105,3.86704816
29143,0,USMissouriNewMadrid,Missouri,New Madrid,2020-09-09 10:33:33.672540,2020-09-09 00:00:00.000000,0:22:06.581332,0,40,100,5.76090506,17.72853221,95.08494910,983,3027,16236,706,2010,9323,4.13587507,11.77545263,54.60039867,0.35295039,1.52498076,4.82268117
29147,0,USMissouriNodaway,Missouri,Nodaway,2020-09-09 10:34:56.982634,2020-09-09 00:00:00.000000,0:23:37.598782,0,40,100,4.55889023,9.58233222,15.98881602,1007,2116,3532,702,1560,2442,3.17899948,7.06257335,11.05512523,0.32263720,0.46141903,1.17953130
29149,0,USMissouriOregon,Missouri,Oregon,2020-09-09 10:31:22.311715,2020-09-09 00:00:00.000000,0:20:14.178256,2,40,100,0.74320071,10.00488341,49.12273120,78,1053,5172,28,348,1547,0.26742780,3.30889545,14.69898637,0.37116458,0.64835170,1.55036174
29153,0,USMissouriOzark,Missouri,Ozark,2020-09-09 10:31:21.026026,2020-09-09 00:00:00.000000,0:20:47.750644,0,40,100,4.69900209,13.18791133,28.85606357,431,1209,2647,260,797,1791,2.84343185,8.68925842,19.52717263,0.76992870,0.95287766,1.39969023
29181,0,USMissouriRipley,Missouri,Ripley,2020-09-09 10:27:59.886971,2020-09-09 00:00:00.000000,0:22:05.580547,0,40,100,10.27952961,32.94371442,83.15617136,1365,4377,11049,338,1121,2401,2.54651409,8.44342470,18.07500486,0.15810596,0.82375017,2.18173761
29186,0,USMissouriSte.Genevieve,Missouri,Ste. Genevieve,2020-09-09 10:29:58.759257,2020-09-09 00:00:00.000000,0:24:22.998536,0,40,100,13.72665054,38.23576050,64.48236615,2456,6841,11538,424,1216,2223,2.37260918,6.80072322,12.42634106,0.33113158,1.31638660,6.13951325
29215,0,USMissouriTexas,Missouri,Texas,2020-09-09 10:25:10.533114,2020-09-09 00:00:00.000000,0:22:27.392344,0,40,100,2.97561219,5.74227707,10.36131281,755,1458,2631,429,861,1614,1.69100477,3.39154043,6.35760915,0.73036771,0.97581405,1.35924999
30011,0,USMontanaCarter,Montana,Carter,2020-08-09 12:50:33.129457,2020-08-09 00:00:00.000000,0:46:55.399044,80,20,100,0.00000000,0.00000000,0.00000000,0,0,0,0,0,0,0.00000000,0.00000000,0.00000000,0.39060491,0.47957044,0.52364458
30023,0,USMontanaDeerLodge,Montana,Deer Lodge,2020-09-09 10:20:05.217657,2020-09-09 00:00:00.000000,0:22:58.988798,0,40,100,8.76107797,14.94041239,26.42553137,800,1365,2415,483,869,1700,5.28937540,9.51822374,18.60352017,0.70446093,0.97948152,1.50804916
30069,0,USMontanaPetroleum,Montana,Petroleum,2020-08-09 12:09:39.342200,2020-08-09 00:00:00.000000,0:44:58.437225,80,20,100,0.00000000,0.00000000,0.00000000,0,0,0,0,0,0,0.00000000,0.00000000,0.00000000,0.50716058,0.57571750,0.71131509
30087,0,USMontanaRosebud,Montana,Rosebud,2020-09-09 10:10:13.085072,2020-09-09 00:00:00.000000,0:20:11.752588,0,40,100,5.13477260,11.88934900,34.07968454,458,1062,3045,278,693,1921,3.11543250,7.76132380,21.50586547,0.57606319,0.88627574,1.83217827
31009,0,USNebraskaBlaine,Nebraska,Blaine,2020-08-09 11:30:30.438548,2020-08-09 00:00:00.000000,0:43:25.130393,80,20,100,0.00000000,0.00000000,0.00000000,0,0,0,0,0,0,0.00000000,0.00000000,0.00000000,0.47852899,0.70146945,0.77245570
31037,0,USNebraskaColfax,Nebraska,Colfax,2020-09-09 10:01:33.160377,2020-09-09 00:00:00.000000,0:18:25.598978,0,40,100,0.20515459,1.39509861,73.27942822,21,149,7847,19,143,7831,0.17990316,1.34140441,73.13210690,0.24975000,1.04285893,4.44245956
31043,0,USNebraskaDakota,Nebraska,Dakota,2020-09-09 10:05:08.170993,2020-09-09 00:00:00.000000,0:23:05.507485,7,40,100,0.05378201,3.82257070,67.71978896,10,765,13561,7,746,13536,0.03732307,3.72794674,67.59534821,0.14278325,0.42091553,2.03959258
31047,0,USNebraskaDawson,Nebraska,Dawson,2020-09-09 09:58:40.572963,2020-09-09 00:00:00.000000,0:16:41.678276,0,40,100,0.12909752,24.45158545,81.28024721,30,5769,19178,27,5707,19148,0.11583277,24.19091025,81.15400458,0.15083872,0.55955924,1.59106165
31075,0,USNebraskaGrant,Nebraska,Grant,2020-08-09 10:52:16.786668,2020-08-09 00:00:00.000000,0:44:48.859765,80,20,100,0.00000000,0.00000000,0.00000000,0,0,0,0,0,0,0.00000000,0.00000000,0.00000000,0.54359134,0.70002197,0.76665144
31079,0,USNebraskaHall,Nebraska,Hall,2020-09-09 10:05:10.363951,2020-09-09 00:00:00.000000,0:26:17.894794,0,40,100,0.22780185,0.74826670,1.67733004,139,459,1029,94,316,786,0.15419732,0.51532918,1.28273887,0.39796864,0.84822797,1.73934069
31085,0,USNebraskaHayes,Nebraska,Hayes,2020-08-09 10:45:48.420496,2020-08-09 00:00:00.000000,0:45:03.969906,80,20,100,0.00000000,0.00000000,0.00000000,0,0,0,0,0,0,0.00000000,0.00000000,0.00000000,0.36416871,0.58502247,0.70275449
31117,0,USNebraskaMcPherson,Nebraska,McPherson,2020-09-09 09:53:55.077306,2020-09-09 00:00:00.000000,0:20:33.870219,0,40,100,0.00000000,0.28505982,96.28867268,0,1,475,0,1,475,0.00000000,0.26378397,96.16369545,0.16105168,0.54194945,2.34648863
31131,0,USNebraskaOtoe,Nebraska,Otoe,2020-09-09 10:11:39.191620,2020-09-09 00:00:00.000000,0:41:05.032950,0,40,100,0.54407641,23.56131231,94.96757355,87,3772,15206,40,1161,7828,0.25171156,7.25208775,48.89301483,0.25983998,0.63168220,1.92739538
31151,0,USNebraskaSaline,Nebraska,Saline,2020-09-09 09:46:28.566438,2020-09-09 00:00:00.000000,0:20:31.503201,4,40,100,0.15825896,0.76317896,80.01449407,22,108,11381,17,84,11364,0.12349856,0.59735408,79.89853676,0.21366472,0.87380373,2.94925597
31155,0,USNebraskaSaunders,Nebraska,Saunders,2020-09-09 09:52:45.851351,2020-09-09 00:00:00.000000,0:27:03.778485,1,40,100,3.68378338,9.30757674,20.22327356,794,2008,4363,89,210,907,0.41374791,0.97511424,4.20779760,0.18912221,0.88890475,2.11108090
31173,0,USNebraskaThurston,Nebraska,Thurston,2020-09-09 09:44:35.546069,2020-09-09 00:00:00.000000,0:21:21.331209,0,40,100,0.11024525,0.37886709,1.24781544,7,27,90,5,21,64,0.07572287,0.29547199,0.89942047,0.15030979,0.46703134,1.17361578
32001,0,USNevadaChurchill,Nevada,Churchill,2020-09-09 10:02:24.377997,2020-09-09 00:00:00.000000,0:41:04.804979,0,40,100,12.11723021,28.54001518,74.76327095,3018,7109,18622,558,2402,8134,2.24097982,9.64493087,32.65742069,0.21392977,0.48905810,1.82363832
32007,0,USNevadaElko,Nevada,Elko,2020-09-09 09:44:38.632835,2020-09-09 00:00:00.000000,0:24:19.256716,0,40,100,5.98157831,11.40509064,88.01441297,3156,6019,46452,2914,5584,43996,5.52149649,10.58153660,83.36166587,0.34590670,0.79946666,2.76008403
32009,0,USNevadaEsmeralda,Nevada,Esmeralda,2020-08-09 09:32:55.280959,2020-08-09 00:00:00.000000,0:44:20.736748,80,20,100,0.00000000,0.00000000,0.00000000,0,0,0,0,0,0,0.00000000,0.00000000,0.00000000,0.53615151,0.66684388,0.78720930
35005,0,USNewMexicoChaves,New Mexico,Chaves,2020-09-09 09:39:56.885295,2020-09-09 00:00:00.000000,0:33:12.560878,0,40,100,7.28782491,12.09874861,71.26475624,4709,7817,46047,3345,5982,35097,5.17779324,9.25846481,54.31787895,0.14819636,0.59782193,2.53732337
35015,0,USNewMexicoEddy,New Mexico,Eddy,2020-09-09 09:32:12.747298,2020-09-09 00:00:00.000000,0:26:30.907156,0,40,100,8.65884830,19.37012334,60.27661296,5061,11323,35237,1170,4614,23124,2.00165843,7.89404346,39.55626356,0.15576051,0.57906328,1.49540160
35029,0,USNewMexicoLuna,New Mexico,Luna,2020-09-09 09:23:42.773158,2020-09-09 00:00:00.000000,0:19:30.116753,0,40,100,7.61495527,19.59463334,87.98188376,1805,4645,20859,1587,3800,18425,6.69418935,16.02875845,77.71687867,0.30429774,0.95671572,4.79878292
35031,0,USNewMexicoMcKinley,New Mexico,McKinley,2020-09-09 09:21:02.962784,2020-09-09 00:00:00.000000,0:17:01.215828,0,40,100,0.44868879,4.44844703,79.75228111,320,3174,56916,311,3106,56843,0.43647367,4.35217875,79.64924367,0.19114241,1.18323620,5.23633482
36081,0,USNewYorkQueens,New York,Queens,2020-09-09 09:06:22.076764,2020-09-09 00:00:00.000000,0:17:33.589746,4,40,100,0.13619248,4.51820010,39.79994106,3069,101833,897034,2928,99731,891773,0.12995269,4.42493438,39.56651300,0.05486915,0.24732525,0.77646337
37005,0,USNorthCarolinaAlleghany,North Carolina,Alleghany,2020-09-09 09:01:43.317062,2020-09-09 00:00:00.000000,0:20:37.171193,0,40,100,0.36583732,0.95575793,2.45900282,40,106,273,31,82,226,0.28208842,0.74111402,2.03625705,0.11416437,0.26168966,0.53942078
37011,0,USNorthCarolinaAvery,North Carolina,Avery,2020-09-09 09:02:02.324812,2020-09-09 00:00:00.000000,0:21:53.072100,0,40,100,5.34314465,10.47249846,18.59199319,938,1838,3264,570,1154,2242,3.25140176,6.57418426,12.77067714,0.60292241,1.00361173,1.44858024
37039,0,USNorthCarolinaCherokee,North Carolina,Cherokee,2020-09-09 08:59:47.447530,2020-09-09 00:00:00.000000,0:24:30.409928,0,40,100,5.20540693,8.53374939,20.77714988,1489,2441,5944,1362,2232,5398,4.76038466,7.80422392,18.86860146,0.29745036,0.95152706,1.78984870
37123,0,USNorthCarolinaMontgomery,North Carolina,Montgomery,2020-09-09 08:49:28.318457,2020-09-09 00:00:00.000000,0:24:34.176376,8,40,100,5.00813021,12.12810264,67.87463462,1360,3295,18443,583,2671,13420,2.14752563,9.83306087,49.38964357,0.17343187,0.77391879,2.22173508
37155,0,USNorthCarolinaRobeson,North Carolina,Robeson,2020-09-09 08:46:49.030785,2020-09-09 00:00:00.000000,0:26:11.793650,1,40,100,2.84653447,13.76408942,66.55445391,3718,17979,86936,2570,17849,86643,1.96758486,13.66445519,66.33031598,0.06957554,0.32549940,6.12212407
37157,0,USNorthCarolinaRockingham,North Carolina,Rockingham,2020-09-09 08:44:28.830052,2020-09-09 00:00:00.000000,0:23:56.094940,1,40,100,5.46831382,15.75873195,46.97017026,4976,14342,42747,687,3567,15004,0.75592840,3.91956843,16.48703590,0.16127047,0.62096686,1.37854664
37167,0,USNorthCarolinaStanly,North Carolina,Stanly,2020-09-09 08:41:43.568988,2020-09-09 00:00:00.000000,0:22:17.200085,0,40,100,6.19675870,16.94878021,72.64044725,3891,10644,45622,2769,10484,42642,4.41007237,16.69356988,67.89484288,0.20628077,0.75484240,5.22033039
37189,0,USNorthCarolinaWatauga,North Carolina,Watauga,2020-09-09 08:41:50.369991,2020-09-09 00:00:00.000000,0:26:40.144605,0,40,100,7.15828955,17.12343388,77.26917913,4021,9619,43407,1831,7430,36886,3.25983391,13.22743844,65.66082926,0.09718693,0.45931692,2.22641574
38005,0,USNorthDakotaBenson,North Dakota,Benson,2020-09-09 08:38:34.098782,2020-09-09 00:00:00.000000,0:25:20.868129,0,40,100,0.84249219,1.85771032,4.63491757,57,126,316,39,83,214,0.58318488,1.21555556,3.14344747,0.39402439,0.85912643,1.70472557
38049,0,USNorthDakotaMcHenry,North Dakota,McHenry,2020-09-09 08:30:24.110405,2020-09-09 00:00:00.000000,0:22:39.318800,0,40,100,2.19957451,35.25923778,71.67383402,126,2025,4117,47,277,570,0.82701792,4.82966147,9.92782678,0.45569858,0.94628525,2.44290569
38069,0,USNorthDakotaPierce,North Dakota,Pierce,2020-09-09 08:25:28.683357,2020-09-09 00:00:00.000000,0:20:05.377151,0,40,100,0.97766810,35.93043970,82.13113152,38,1428,3264,11,225,994,0.28333274,5.68080352,25.01265624,0.12841451,0.88781495,2.60155072
38071,0,USNorthDakotaRamsey,North Dakota,Ramsey,2020-09-09 08:28:27.082936,2020-09-09 00:00:00.000000,0:23:05.173965,0,40,100,1.13249416,15.71206665,72.44336727,130,1809,8344,47,442,1768,0.41348321,3.84518806,15.35007216,0.34854327,1.07875921,3.71259128
39001,0,USOhioAdams,Ohio,Adams,2020-09-09 08:22:01.257496,2020-09-09 00:00:00.000000,0:25:38.808125,0,40,100,8.15035291,13.35980617,25.47109507,2257,3700,7054,1889,2907,6438,6.82238425,10.49733664,23.24638750,0.21133322,0.80368858,2.94511618
39069,0,USOhioHenry,Ohio,Henry,2020-09-09 08:14:48.425854,2020-09-09 00:00:00.000000,0:27:37.335776,0,40,100,8.89692748,26.86205315,73.62068961,2402,7254,19882,1356,2555,7526,5.02447414,9.46324318,27.87089833,0.21923277,0.68011889,2.41835501
39101,0,USOhioMarion,Ohio,Marion,2020-09-09 08:02:36.458945,2020-09-09 00:00:00.000000,0:18:19.055705,4,40,100,0.47211645,37.45425116,83.77157734,307,24380,54529,295,24225,54488,0.45347820,37.21687012,83.70939961,0.05086586,0.25261324,1.50217277
39105,0,USOhioMeigs,Ohio,Meigs,2020-09-09 08:09:56.125398,2020-09-09 00:00:00.000000,0:25:58.656559,0,40,100,9.76163016,33.63728349,81.96675345,2236,7705,18776,1387,2419,6539,6.05571614,10.56426258,28.54909307,0.44750558,0.95679420,1.90312527
39129,0,USOhioPickaway,Ohio,Pickaway,2020-09-09 07:59:44.869557,2020-09-09 00:00:00.000000,0:19:25.813207,13,40,100,0.11955107,34.84975972,89.91701795,69,20372,52562,66,20234,52553,0.11297464,34.61396938,89.90066764,0.15469865,0.58356442,2.48524924
39131,0,USOhioPike,Ohio,Pike,2020-09-09 08:06:10.859940,2020-09-09 00:00:00.000000,0:25:53.659186,0,40,100,0.26966334,11.41919929,45.06238416,74,3171,12514,12,2662,9111,0.04515760,9.58639630,32.80775278,0.18643381,0.88719856,3.88768739
39145,0,USOhioScioto,Ohio,Scioto,2020-09-09 08:02:29.344123,2020-09-09 00:00:00.000000,0:25:12.183787,0,40,100,0.48691769,7.44332368,19.46004174,366,5605,14656,130,3653,12606,0.17371646,4.85121457,16.73816402,0.18293975,0.50266966,4.90753693
39149,0,USOhioShelby,Ohio,Shelby,2020-09-09 08:06:14.084075,2020-09-09 00:00:00.000000,0:29:02.468512,1,40,100,0.77450744,13.72114519,96.43489994,376,6667,46857,140,919,15060,0.28819196,1.89241099,30.99583000,0.28643781,1.32470691,3.27171335
40005,0,USOklahomaAtoka,Oklahoma,Atoka,2020-09-09 07:49:26.523731,2020-09-09 00:00:00.000000,0:17:57.624093,0,40,100,4.44458009,11.69413861,27.25158882,611,1608,3749,276,911,1658,2.00955262,6.62190616,12.05284596,0.48548743,0.87500162,2.05229359
40011,0,USOklahomaBlaine,Oklahoma,Blaine,2020-09-09 07:53:00.112401,2020-09-09 00:00:00.000000,0:22:12.323156,0,40,100,6.57131322,24.46116148,71.38683399,619,2306,6731,67,301,1623,0.71806077,3.19605850,17.22136438,0.28059283,1.07506850,2.66086392
40021,0,USOklahomaCherokee,Oklahoma,Cherokee,2020-09-09 08:05:34.001604,2020-09-09 00:00:00.000000,0:35:52.279683,0,40,100,5.90634704,12.48851928,77.67767166,2873,6076,37795,2594,4919,24095,5.33142408,10.10980291,49.52053849,0.23064384,0.86727210,2.59196121
40039,0,USOklahomaCuster,Oklahoma,Custer,2020-09-09 07:47:48.726414,2020-09-09 00:00:00.000000,0:21:43.698041,0,40,100,7.18562027,13.91770387,55.32476144,2084,4036,16045,1708,2982,8543,5.89049998,10.28385607,29.45595303,0.13086184,1.02497767,9.28766485
40047,0,USOklahomaGarfield,Oklahoma,Garfield,2020-09-09 07:48:51.230582,2020-09-09 00:00:00.000000,0:23:34.218486,0,40,100,8.85602223,32.03118736,93.93407241,5407,19556,57352,4261,8811,30928,6.97915303,14.43220924,50.65608864,0.33829039,0.97208523,2.32126836
40065,0,USOklahomaJackson,Oklahoma,Jackson,2020-09-09 07:45:51.418331,2020-09-09 00:00:00.000000,0:23:37.513282,0,40,100,1.12036795,1.81039631,2.75460243,274,444,675,180,305,500,0.73397533,1.24494924,2.03908905,0.52094524,0.85553088,1.30561567
40069,0,USOklahomaJohnston,Oklahoma,Johnston,2020-09-09 07:47:36.474958,2020-09-09 00:00:00.000000,0:25:31.566168,2,40,100,1.29102905,15.99373358,63.91233122,143,1772,7084,37,306,1738,0.33769129,2.76859178,15.68371099,0.34487577,1.62423839,3.53137923
40091,0,USOklahomaMcIntosh,Oklahoma,McIntosh,2020-09-09 07:43:44.575941,2020-09-09 00:00:00.000000,0:24:02.440820,0,40,100,0.40640661,7.77070407,15.78996061,79,1522,3094,28,737,3033,0.14567117,3.76256416,15.48040022,0.22812422,0.57165028,3.01474172
40093,0,USOklahomaMajor,Oklahoma,Major,2020-09-09 07:36:57.559259,2020-09-09 00:00:00.000000,0:17:23.911296,0,40,100,8.22790656,17.72413630,75.01110920,627,1352,5722,449,712,2349,5.88562213,9.34080028,30.79086019,0.36190925,0.84794156,1.97994871
40125,0,USOklahomaPottawatomie,Oklahoma,Pottawatomie,2020-09-09 07:35:42.931299,2020-09-09 00:00:00.000000,0:21:52.496024,0,40,100,8.66953088,17.61021751,49.71330292,6293,12783,36087,3933,8105,23669,5.41862549,11.16617026,32.60570037,0.35325996,0.82169030,2.42680223
40153,0,USOklahomaWoodward,Oklahoma,Woodward,2020-09-09 07:43:38.084585,2020-09-09 00:00:00.000000,0:31:49.739921,4,40,100,15.82603942,32.35063889,83.31658927,3198,6538,16839,541,1469,3077,2.68023979,7.27195615,15.22764039,0.39484729,0.99332649,2.12433706
41001,0,USOregonBaker,Oregon,Baker,2020-09-09 07:34:51.475756,2020-09-09 00:00:00.000000,0:23:13.682881,2,40,100,1.09169795,27.35564769,81.80258354,176,4410,13189,37,919,3647,0.23450379,5.70455071,22.62244795,0.37199591,1.33731269,4.61884052
41045,0,USOregonMalheur,Oregon,Malheur,2020-09-09 07:24:44.880789,2020-09-09 00:00:00.000000,0:20:29.616466,0,40,100,3.87734539,8.55854121,17.90408426,1185,2616,5473,1158,2590,5451,3.79068694,8.47473340,17.83304698,0.18552045,0.46626685,5.50572348
41061,0,USOregonUnion,Oregon,Union,2020-09-09 07:32:48.974044,2020-09-09 00:00:00.000000,0:31:37.159092,31,40,100,0.01538261,0.05925926,0.24546054,4,15,65,3,12,49,0.01282969,0.04512169,0.18306579,0.04458164,0.32562332,0.56248474
41069,0,USOregonWheeler,Oregon,Wheeler,2020-08-08 22:17:33.607994,2020-08-08 00:00:00.000000,0:43:58.903687,80,20,100,0.00000000,0.00000000,0.00000000,0,0,0,0,0,0,0.00000000,0.00000000,0.00000000,0.40295850,0.48447852,0.57418930
45047,0,USSouthCarolinaGreenwood,South Carolina,Greenwood,2020-09-09 06:54:54.130716,2020-09-09 00:00:00.000000,0:23:15.661088,0,40,100,5.08000950,10.93776024,58.69494501,3597,7745,41562,3243,7295,41090,4.58035553,10.30289654,58.02888860,0.17104210,1.59921556,20.37876381
46027,0,USSouthDakotaClay,South Dakota,Clay,2020-09-09 06:48:04.014615,2020-09-09 00:00:00.000000,0:23:42.200092,0,40,100,3.46677421,9.08779758,20.59782543,487,1278,2898,329,970,2312,2.34450376,6.89575180,16.43361966,0.29564873,0.40131233,0.62774294
46035,0,USSouthDakotaDavison,South Dakota,Davison,2020-09-09 06:45:40.536424,2020-09-09 00:00:00.000000,0:23:17.141091,1,40,100,6.44080766,14.49723762,35.71212440,1273,2866,7062,95,449,2875,0.48285288,2.27210288,14.53905362,0.18098245,0.67504964,4.63975727
46045,0,USSouthDakotaEdmunds,South Dakota,Edmunds,2020-09-09 06:38:14.746670,2020-09-09 00:00:00.000000,0:17:54.866183,0,40,100,2.13313981,20.57032221,63.64114377,81,787,2436,27,155,497,0.71854060,4.07233458,12.99208709,0.28807204,0.88446695,2.20519980
46067,0,USSouthDakotaHutchinson,South Dakota,Hutchinson,2020-09-09 06:37:27.420430,2020-09-09 00:00:00.000000,0:20:15.320204,2,40,100,0.46304921,13.59840477,55.52159066,33,991,4048,14,129,656,0.20289760,1.78129348,9.00878188,0.54030153,1.04918104,1.95048845
46087,0,USSouthDakotaMcCook,South Dakota,McCook,2020-09-09 06:37:52.196817,2020-09-09 00:00:00.000000,0:22:39.055890,0,40,100,15.66290549,42.48718663,64.56086302,874,2373,3606,64,258,642,1.16271059,4.63444890,11.50115714,0.48751771,1.03260567,3.51896720
46137,0,USSouthDakotaZiebach,South Dakota,Ziebach,2020-09-09 06:27:37.797711,2020-09-09 00:00:00.000000,0:18:57.151492,0,40,100,0.38461945,2.16484859,5.99416495,10,59,165,6,44,144,0.23612586,1.59962932,5.24007968,0.20655105,0.49817605,0.94296288
47007,0,USTennesseeBledsoe,Tennessee,Bledsoe,2020-09-09 06:50:48.641814,2020-09-09 00:00:00.000000,0:42:57.027913,0,40,100,13.52259253,54.57316236,84.58550370,2037,8220,12741,2008,8190,12735,13.33407790,54.37089155,84.53947339,0.18015902,0.94212456,7.55774120
47011,0,USTennesseeBradley,Tennessee,Bradley,2020-09-09 06:35:04.182538,2020-09-09 00:00:00.000000,0:27:58.207739,0,40,100,0.68743683,4.89082114,52.07730034,743,5287,56300,411,3443,55235,0.38054366,3.18532388,51.09194552,0.10118761,0.51782422,2.35451306
47019,0,USTennesseeCarter,Tennessee,Carter,2020-09-09 06:32:50.724549,2020-09-09 00:00:00.000000,0:26:16.839754,0,40,100,7.83964457,21.36833163,88.38665962,4420,12049,49842,3806,9299,38485,6.75056657,16.49182021,68.24743814,0.34849838,1.11660070,3.00310257
47023,0,USTennesseeChester,Tennessee,Chester,2020-09-09 06:28:23.487693,2020-09-09 00:00:00.000000,0:22:16.294148,0,40,100,4.87666271,11.42450210,58.66018559,843,1976,10146,388,1079,3468,2.24767960,6.24317722,20.05006072,0.49111725,0.96303144,6.44464211
47027,0,USTennesseeClay,Tennessee,Clay,2020-09-09 06:31:01.965437,2020-09-09 00:00:00.000000,0:25:29.960695,0,40,100,10.61962960,25.63523188,66.22375102,808,1952,5042,277,703,1399,3.64283442,9.23911383,18.37817042,0.23651388,0.82759619,5.17868622
47047,0,USTennesseeFayette,Tennessee,Fayette,2020-09-09 06:28:35.402344,2020-09-09 00:00:00.000000,0:27:19.305349,1,40,100,5.38785001,14.87345877,62.42944887,2216,6117,25679,484,1621,19244,1.17792433,3.94107602,46.78526844,0.34315836,0.86284218,3.46690026
47049,0,USTennesseeFentress,Tennessee,Fentress,2020-09-09 06:26:15.487638,2020-09-09 00:00:00.000000,0:26:07.444514,1,40,100,15.76504617,42.89152005,79.88367216,2920,7944,14796,773,1628,3442,4.17707095,8.79061300,18.58306562,0.51080835,1.02009971,2.05472290
47071,0,USTennesseeHardin,Tennessee,Hardin,2020-09-09 06:19:14.686391,2020-09-09 00:00:00.000000,0:23:34.262052,0,40,100,5.81791894,14.15940963,68.47562665,1492,3632,17565,1135,2671,10720,4.42725982,10.41372493,41.79241409,0.21839722,1.59778153,9.91968572
47087,0,USTennesseeJackson,Tennessee,Jackson,2020-09-09 06:11:53.669682,2020-09-09 00:00:00.000000,0:18:51.085397,0,40,100,10.92847426,36.09878718,92.59920813,1288,4254,10913,374,1169,3867,3.18006432,9.91861915,32.81453246,0.23122260,0.80597463,2.80144842
47095,0,USTennesseeLake,Tennessee,Lake,2020-09-09 06:53:44.135106,2020-09-09 00:00:00.000000,1:02:12.120706,0,40,100,0.19716122,0.27258271,0.56289589,13,19,39,8,16,31,0.12487433,0.22895386,0.44741376,0.67394353,0.91636207,1.06293988
47097,0,USTennesseeLauderdale,Tennessee,Lauderdale,2020-09-09 06:15:43.629181,2020-09-09 00:00:00.000000,0:24:16.372589,14,40,100,17.61958446,39.48318927,76.97778361,4516,10120,19731,902,2553,5757,3.51974294,9.96231992,22.46067615,0.36911956,0.68938692,2.88824788
47099,0,USTennesseeLawrence,Tennessee,Lawrence,2020-09-09 06:16:03.439871,2020-09-09 00:00:00.000000,0:24:37.537501,2,40,100,1.03212309,5.99448975,21.10719430,455,2646,9317,264,1908,8431,0.59961481,4.32257351,19.10000330,0.08950155,0.49219372,2.30553058
47117,0,USTennesseeMarshall,Tennessee,Marshall,2020-09-09 06:10:16.904595,2020-09-09 00:00:00.000000,0:22:05.943560,0,40,100,11.76592226,22.83503651,85.46155934,4044,7849,29377,1909,3539,12858,5.55628155,10.29561185,37.40530057,0.32467933,1.88606141,7.08847988
47119,0,USTennesseeMaury,Tennessee,Maury,2020-09-09 06:13:58.846474,2020-09-09 00:00:00.000000,0:25:59.299221,0,40,100,5.65285993,9.10716486,66.76956411,5448,8778,64357,4928,8418,54637,5.11343289,8.73381279,56.68529236,0.44593544,1.61489057,10.78073382
47123,0,USTennesseeMonroe,Tennessee,Monroe,2020-09-09 06:09:50.069338,2020-09-09 00:00:00.000000,0:22:48.505449,0,40,100,6.71567024,18.96460775,64.19219389,3125,8827,29878,875,3494,17229,1.88147708,7.50840401,37.01776744,0.11157285,0.29613758,0.89971600
47127,0,USTennesseeMoore,Tennessee,Moore,2020-09-09 06:11:59.949857,2020-09-09 00:00:00.000000,0:25:37.846909,0,40,100,3.18634527,30.91928486,63.33612341,206,2006,4109,73,416,961,1.13238632,6.41300094,14.81700062,0.37736269,1.12111304,3.30143655
47129,0,USTennesseeMorgan,Tennessee,Morgan,2020-09-09 06:10:43.160948,2020-09-09 00:00:00.000000,0:25:08.704562,0,40,100,11.65244165,31.56723090,61.95664797,2493,6756,13260,820,2074,4953,3.83143784,9.69209685,23.14227278,0.20236685,0.83626245,3.08086009
47133,0,USTennesseeOverton,Tennessee,Overton,2020-09-09 06:10:17.521671,2020-09-09 00:00:00.000000,0:25:12.628361,3,40,100,6.60305968,26.23437095,56.84991199,1468,5834,12643,943,1917,3868,4.24043942,8.62325725,17.39572670,0.46149787,1.11125115,3.52552171
47137,0,USTennesseePickett,Tennessee,Pickett,2020-09-09 06:09:56.646426,2020-09-09 00:00:00.000000,0:25:24.166019,0,40,100,11.46028788,30.09309118,68.85593974,578,1519,3475,113,358,851,2.24284895,7.10490243,16.86178235,0.28761458,0.67264904,1.77294037
47153,0,USTennesseeSequatchie,Tennessee,Sequatchie,2020-09-09 06:03:14.787645,2020-09-09 00:00:00.000000,0:22:00.632576,0,40,100,10.36831154,26.08792998,68.02691080,1557,3919,10221,141,1072,4665,0.93930260,7.13542790,31.04822673,0.06827481,0.53893179,2.72183393
47163,0,USTennesseeSullivan,Tennessee,Sullivan,2020-09-09 06:05:10.936815,2020-09-09 00:00:00.000000,0:26:21.044647,0,40,100,7.19745681,12.56258749,86.75680931,11397,19892,137377,10537,17855,117233,6.65448144,11.27600145,74.03564752,0.28373319,1.09886948,2.49375306
47169,0,USTennesseeTrousdale,Tennessee,Trousdale,2020-09-09 06:20:01.924545,2020-09-09 00:00:00.000000,0:41:07.951268,0,40,100,27.58484466,54.95068353,76.18413925,3112,6200,8596,3087,6183,8595,27.36233635,54.80252052,76.17383630,0.18659037,0.80784755,2.84131979
47175,0,USTennesseeVanBuren,Tennessee,Van Buren,2020-09-09 05:56:12.917606,2020-09-09 00:00:00.000000,0:18:14.606355,0,40,100,6.83970993,12.40073496,22.15501015,401,728,1300,202,448,866,3.44139839,7.64360767,14.75913020,0.60040778,0.99238837,1.67117357
47177,0,USTennesseeWarren,Tennessee,Warren,2020-09-09 06:01:38.319943,2020-09-09 00:00:00.000000,0:23:55.737824,0,40,100,5.83770334,9.83932792,33.67268110,2409,4061,13899,2122,3956,7973,5.14151280,9.58504027,19.31739057,0.36149209,1.33068343,3.27990351
47179,0,USTennesseeWashington,Tennessee,Washington,2020-09-09 06:05:53.532168,2020-09-09 00:00:00.000000,0:28:39.678134,0,40,100,0.83644898,3.99819411,37.18123563,1082,5172,48103,566,4303,47364,0.43800099,3.32651033,36.61040435,0.30135947,0.72308917,1.91597656
47181,0,USTennesseeWayne,Tennessee,Wayne,2020-09-09 09:22:45.702725,2020-09-09 00:00:00.000000,3:45:26.207571,0,40,100,20.48583616,32.61770096,40.63242037,3415,5438,6774,2820,4519,5969,16.91649993,27.10714148,35.80083381,0.59666811,1.06173417,1.88023376
47185,0,USTennesseeWhite,Tennessee,White,2020-09-09 05:59:09.728371,2020-09-09 00:00:00.000000,0:22:00.103358,1,40,100,5.89871667,26.43326888,91.56973132,1613,7228,25039,715,3130,8912,2.61730338,11.44669399,32.59226488,0.48007183,0.97931916,2.65022124
48001,0,USTexasAnderson,Texas,Anderson,2020-09-09 06:41:57.638106,2020-09-09 00:00:00.000000,1:05:40.800311,0,40,100,0.06880497,0.16183087,0.90319704,39,93,521,26,69,476,0.04563581,0.11992901,0.82539452,0.58144687,0.93340678,1.72676013
48007,0,USTexasAransas,Texas,Aransas,2020-09-09 05:54:49.421092,2020-09-09 00:00:00.000000,0:20:45.943192,0,40,100,5.50535988,11.61139811,18.51081305,1294,2729,4351,783,1783,3118,3.33417222,7.58503960,13.26630296,0.63248628,0.94119052,1.36309115
48009,0,USTexasArcher,Texas,Archer,2020-09-09 06:10:18.525700,2020-09-09 00:00:00.000000,0:36:23.665220,0,40,100,7.79219117,25.88461848,92.44760953,666,2213,7907,79,468,2981,0.92884128,5.48280879,34.85587124,0.22682173,0.83562989,3.45886213
48015,0,USTexasAustin,Texas,Austin,2020-09-09 06:04:32.241027,2020-09-09 00:00:00.000000,0:31:07.051835,2,40,100,8.35766247,16.79194423,89.54850935,2509,5042,26893,1997,3263,21981,6.65175419,10.86632019,73.19280990,0.32839013,0.68013892,2.08801967
48033,0,USTexasBorden,Texas,Borden,2020-08-08 15:15:39.764708,2020-08-08 00:00:00.000000,0:41:50.373875,80,20,100,0.00000000,0.00000000,0.00000000,0,0,0,0,0,0,0.00000000,0.00000000,0.00000000,0.42938680,0.46384692,0.76483263
48047,0,USTexasBrooks,Texas,Brooks,2020-09-09 05:49:50.598027,2020-09-09 00:00:00.000000,0:21:28.468108,0,40,100,3.51766675,9.81318408,63.25914895,249,696,4486,84,192,1101,1.19491154,2.71502263,15.53239416,0.45459003,1.07161595,2.83431348
48049,0,USTexasBrown,Texas,Brown,2020-09-09 06:28:14.738131,2020-09-09 00:00:00.000000,1:00:07.523148,0,40,100,4.95948889,8.98208902,20.17925557,1877,3400,7640,1538,2721,6658,4.06231121,7.18656338,17.58658059,0.36515914,0.64757352,1.08483397
48057,0,USTexasCalhoun,Texas,Calhoun,2020-09-09 06:15:23.555385,2020-09-09 00:00:00.000000,0:49:08.755417,0,40,100,0.24257102,0.58425631,1.51768886,51,124,323,29,78,215,0.14044100,0.37059779,1.01150852,0.41020671,0.87331796,1.96418387
48069,0,USTexasCastro,Texas,Castro,2020-09-09 06:11:48.729887,2020-09-09 00:00:00.000000,0:47:36.474463,0,40,100,0.46007069,3.84528998,73.72025875,34,289,5551,13,129,2547,0.17325541,1.72136231,33.83183809,0.32211757,0.81668825,2.07408510
48089,0,USTexasColorado,Texas,Colorado,2020-09-09 05:39:59.254644,2020-09-09 00:00:00.000000,0:18:44.724717,0,40,100,5.34788984,12.70906977,26.20025430,1149,2731,5631,1043,2341,4738,4.85703351,10.89378475,22.04863637,0.26185218,0.95994286,2.58061626
48099,0,USTexasCoryell,Texas,Coryell,2020-09-09 05:41:00.265884,2020-09-09 00:00:00.000000,0:21:18.559766,0,40,100,3.25375071,12.68751817,30.87505156,2471,9636,23449,1558,6076,14971,2.05178310,8.00054845,19.71244439,0.32255993,0.65954251,1.23886031
48105,0,USTexasCrockett,Texas,Crockett,2020-09-09 05:43:00.927247,2020-09-09 00:00:00.000000,0:24:34.692786,0,40,100,0.16786313,0.65946267,4.06946147,5,22,140,4,19,132,0.13091790,0.57106884,3.82498637,0.33526818,0.81647377,2.90437110
48123,0,USTexasDeWitt,Texas,DeWitt,2020-09-09 06:15:27.887715,2020-09-09 00:00:00.000000,1:02:15.946528,0,40,100,0.37811083,0.69442006,1.62603761,76,139,327,51,88,196,0.25573893,0.44110582,0.97483286,0.69233960,0.97066673,1.71357782
48133,0,USTexasEastland,Texas,Eastland,2020-09-09 05:51:57.051278,2020-09-09 00:00:00.000000,0:40:14.059223,0,40,100,7.53190906,20.61710912,73.68170796,1382,3785,13527,875,1924,5038,4.76692890,10.48393678,27.44121964,0.31115268,0.95848559,2.92804944
48135,0,USTexasEctor,Texas,Ector,2020-09-09 06:18:16.997104,2020-09-09 00:00:00.000000,1:07:23.895318,0,40,100,0.19732999,0.47313319,0.84205986,328,786,1399,233,544,966,0.14043588,0.32768520,0.58169822,0.30511365,0.46373071,0.67036167
48139,0,USTexasEllis,Texas,Ellis,2020-09-09 06:13:29.975206,2020-09-09 00:00:00.000000,1:03:19.291187,0,40,100,5.59107609,8.35817152,10.29234169,10333,15448,19022,5806,7649,10829,3.14171624,4.13890509,5.85953803,0.41492331,0.58017607,0.78254713
48147,0,USTexasFannin,Texas,Fannin,2020-09-09 06:17:35.658715,2020-09-09 00:00:00.000000,1:08:25.095465,0,40,100,20.29279685,28.27412215,38.46310857,7206,10041,13659,3108,4076,5246,8.75205028,11.47910193,14.77361287,0.70779673,0.98846535,1.44522546
48161,0,USTexasFreestone,Texas,Freestone,2020-09-09 05:30:49.258618,2020-09-09 00:00:00.000000,0:23:46.561223,0,40,100,0.95085261,2.70816007,8.14364984,187,533,1605,131,405,1288,0.66493220,2.05482837,6.53741910,0.14301144,0.26484041,0.50356756
48163,0,USTexasFrio,Texas,Frio,2020-09-09 05:38:03.577151,2020-09-09 00:00:00.000000,0:31:10.637889,0,40,100,0.67962814,2.09322840,40.51646041,138,425,8227,68,195,4591,0.33806977,0.96093928,22.61263637,0.28587840,1.21200972,2.88972616
48169,0,USTexasGarza,Texas,Garza,2020-09-09 05:29:14.429988,2020-09-09 00:00:00.000000,0:22:54.441808,0,40,100,0.00578815,0.03130493,0.14424692,0,1,8,0,1,6,0.00437317,0.02374521,0.10987075,0.06775870,0.18779400,0.43904471
48177,0,USTexasGonzales,Texas,Gonzales,2020-09-09 05:51:05.083776,2020-09-09 00:00:00.000000,0:46:08.555017,0,40,100,0.97625763,6.09757574,24.49150321,203,1270,5103,74,561,3055,0.35984620,2.69639697,14.66609486,0.20240641,0.63998635,1.29256361
48185,0,USTexasGrimes,Texas,Grimes,2020-09-09 05:40:22.689177,2020-09-09 00:00:00.000000,0:37:19.268594,18,40,100,0.33287127,12.43503887,70.02219495,96,3591,20222,67,3001,19253,0.23206978,10.39286902,66.66685672,0.40756368,1.21160016,2.33665705
48189,0,USTexasHale,Texas,Hale,2020-09-09 05:44:43.004704,2020-09-09 00:00:00.000000,0:42:18.617203,4,40,100,0.52763154,1.16088295,3.02040539,176,387,1008,125,279,954,0.37588731,0.83681529,2.85622946,0.65060054,1.52364237,3.44308979
48215,0,USTexasHidalgo,Texas,Hidalgo,2020-09-09 05:19:21.626094,2020-09-09 00:00:00.000000,0:21:44.191920,1,40,100,1.60312384,3.43765627,9.32012952,13926,29863,80964,12825,29295,80436,1.47637814,3.37226227,9.25936340,0.35824564,1.36757566,4.21864317
48225,0,USTexasHouston,Texas,Houston,2020-09-09 06:01:01.900780,2020-09-09 00:00:00.000000,1:04:28.414015,0,40,100,4.66200521,8.27332978,15.41393082,1070,1900,3540,845,1418,2328,3.68139118,6.17782193,10.13717355,0.55995584,1.00675410,1.90993581
48227,0,USTexasHoward,Texas,Howard,2020-09-09 05:42:23.403085,2020-09-09 00:00:00.000000,0:46:00.069151,0,40,100,5.22073526,22.31856080,76.93752406,1914,8182,28208,987,2683,8666,2.69402261,7.32022137,23.63627172,0.54992084,0.88672859,1.45198534
48239,0,USTexasJackson,Texas,Jackson,2020-09-09 05:22:41.705121,2020-09-09 00:00:00.000000,0:27:14.842270,0,40,100,0.15735247,0.40692371,1.82140687,23,60,268,15,40,189,0.10185108,0.27281089,1.28441999,0.40940058,1.03800154,4.25918290
48249,0,USTexasJimWells,Texas,Jim Wells,2020-09-09 05:22:50.608643,2020-09-09 00:00:00.000000,0:29:22.066224,34,40,100,8.21561243,12.74218726,30.31327530,3325,5158,12271,1992,3554,5743,4.92254267,8.78097599,14.18833415,0.52164658,0.99993842,1.46868069
48251,0,USTexasJohnson,Texas,Johnson,2020-09-09 05:57:02.331476,2020-09-09 00:00:00.000000,1:04:13.980739,0,40,100,3.89908063,6.91990460,10.94427232,6855,12166,19241,2549,7161,14876,1.45003500,4.07322274,8.46121339,0.17252816,0.30202083,0.44878802
48253,0,USTexasJones,Texas,Jones,2020-09-09 05:55:48.787344,2020-09-09 00:00:00.000000,1:03:10.467466,0,40,100,0.04463172,0.20018481,0.59402998,8,40,119,7,35,112,0.03948663,0.17632553,0.56020491,0.52033485,0.81707320,1.81383147
48255,0,USTexasKarnes,Texas,Karnes,2020-09-09 05:51:11.269504,2020-09-09 00:00:00.000000,0:58:34.413795,0,40,100,0.20867511,0.87942538,2.63708294,32,137,411,23,109,352,0.15255670,0.70163924,2.25708082,0.21310951,0.58292402,1.76011806
48257,0,USTexasKaufman,Texas,Kaufman,2020-09-09 05:58:40.267516,2020-09-09 00:00:00.000000,1:06:24.684771,0,40,100,5.76738110,7.87997867,10.88503188,7852,10728,14820,2442,3809,5112,1.79386289,2.79783993,3.75460948,0.29278584,0.47918103,0.74953747
48269,0,USTexasKing,Texas,King,2020-08-08 12:16:33.118750,2020-08-08 00:00:00.000000,0:43:10.790311,80,20,100,0.00000000,0.00000000,0.00000000,0,0,0,0,0,0,0.00000000,0.00000000,0.00000000,0.65031195,0.65741197,0.87089118
48273,0,USTexasKleberg,Texas,Kleberg,2020-09-09 05:17:00.626394,2020-09-09 00:00:00.000000,0:26:33.951764,0,40,100,12.02853438,16.98790844,25.48472765,3690,5211,7818,2342,3631,5833,7.63587895,11.83679764,19.01529179,0.69049800,0.97019712,1.66809021
48275,0,USTexasKnox,Texas,Knox,2020-09-09 05:09:26.242646,2020-09-09 00:00:00.000000,0:19:55.394241,0,40,100,0.01221418,0.17199968,0.91813333,0,6,33,0,4,25,0.00811710,0.12693742,0.69132884,0.09878257,0.30733672,0.59765963
48283,0,USTexasLaSalle,Texas,La Salle,2020-09-09 05:29:35.450242,2020-09-09 00:00:00.000000,0:41:33.888604,0,40,100,6.81857832,39.13429185,81.22432878,512,2942,6108,487,2898,6096,6.48276911,38.54652935,81.07269507,0.38758058,0.95121760,2.17713821
48285,0,USTexasLavaca,Texas,Lavaca,2020-09-09 05:05:03.913245,2020-09-09 00:00:00.000000,0:17:17.106075,0,40,100,0.02950347,0.10246897,0.26184539,5,20,52,3,14,35,0.01951058,0.07019466,0.17454995,0.39366014,1.12394246,3.76913244
48293,0,USTexasLimestone,Texas,Limestone,2020-09-09 05:09:33.031521,2020-09-09 00:00:00.000000,0:23:17.800503,0,40,100,7.37424203,24.02793938,87.15998788,1728,5631,20427,1177,2332,10924,5.02547104,9.95026184,46.61040332,0.42333286,1.30794891,4.84648072
48301,0,USTexasLoving,Texas,Loving,2020-08-08 11:53:40.966044,2020-08-08 00:00:00.000000,0:41:14.104261,80,20,100,0.00000000,0.00000000,0.00000000,0,0,0,0,0,0,0.00000000,0.00000000,0.00000000,0.54172546,0.61982142,0.80401530
48309,0,USTexasMcLennan,Texas,McLennan,2020-09-09 05:06:01.241780,2020-09-09 00:00:00.000000,0:21:49.309770,0,40,100,2.89571251,3.48476362,5.43093471,7431,8942,13937,7313,8826,13570,2.84979558,3.43957439,5.28824335,0.24435303,0.92035021,2.36805066
48313,0,USTexasMadison,Texas,Madison,2020-09-09 05:14:24.183806,2020-09-09 00:00:00.000000,0:31:18.926297,0,40,100,0.31616004,3.17521988,9.73384421,45,453,1390,33,373,1261,0.23189338,2.61432095,8.83463123,0.37883419,0.66496704,1.35654326
48323,0,USTexasMaverick,Texas,Maverick,2020-09-09 04:59:22.362096,2020-09-09 00:00:00.000000,0:18:45.595716,14,40,100,1.82468656,16.67566869,79.04091549,1071,9792,46414,572,5168,29664,0.97520142,8.80079787,50.51762442,0.40402446,1.46945974,4.72372806
48325,0,USTexasMedina,Texas,Medina,2020-09-09 05:21:09.689749,2020-09-09 00:00:00.000000,0:40:44.932420,0,40,100,1.42421466,6.27545249,58.93392651,734,3237,30400,363,2323,28978,0.70514225,4.50403209,56.17680812,0.42697937,1.22048638,2.95457405
48329,0,USTexasMidland,Texas,Midland,2020-09-09 05:45:12.907126,2020-09-09 00:00:00.000000,1:06:11.965357,0,40,100,2.07401042,2.83151056,4.58816952,3667,5007,8113,1507,1825,2924,0.85255480,1.03231139,1.65390251,0.34347963,0.39669364,0.45438488
48337,0,USTexasMontague,Texas,Montague,2020-09-09 05:18:06.209511,2020-09-09 00:00:00.000000,0:40:19.030978,0,40,100,9.06986958,38.67200326,92.37741983,1797,7664,18307,415,1800,9112,2.09554514,9.08380568,45.97993591,0.18762448,0.43147770,1.69771056
48361,0,USTexasOrange,Texas,Orange,2020-09-09 05:40:52.622840,2020-09-09 00:00:00.000000,1:06:20.615676,0,40,100,0.68166106,1.62792791,7.31071725,568,1357,6096,241,621,2933,0.29011510,0.74494433,3.51731830,0.23793119,0.43215137,0.64021346
48369,0,USTexasParmer,Texas,Parmer,2020-09-09 04:52:16.419312,2020-09-09 00:00:00.000000,0:18:26.713153,2,40,100,0.56610964,2.52863967,62.33352353,54,242,5987,40,221,5932,0.42419280,2.30226193,61.76451732,0.08849241,0.62111559,3.32465164
48377,0,USTexasPresidio,Texas,Presidio,2020-09-09 04:51:44.730201,2020-09-09 00:00:00.000000,0:19:58.196477,0,40,100,4.27423753,8.62858368,16.77958278,286,578,1124,154,351,701,2.29875319,5.24362192,10.47108769,0.64425973,0.96958496,1.45547606
48385,0,USTexasReal,Texas,Real,2020-09-09 04:52:17.571091,2020-09-09 00:00:00.000000,0:20:59.262423,0,40,100,0.06328075,0.42763062,1.65495831,2,14,57,1,11,46,0.04079687,0.32108655,1.35973975,0.12587354,0.27725919,0.65313859
48397,0,USTexasRockwall,Texas,Rockwall,2020-09-09 05:30:46.349508,2020-09-09 00:00:00.000000,1:00:55.202303,0,40,100,7.51026406,14.59917618,18.83236430,7879,15316,19757,2521,3916,7552,2.40366537,3.73303592,7.19864716,0.35657394,0.48363796,0.69677746
48409,0,USTexasSanPatricio,Texas,San Patricio,2020-09-09 05:33:31.180298,2020-09-09 00:00:00.000000,1:05:25.729287,0,40,100,2.20969795,5.56470308,12.24883533,1474,3713,8173,550,2247,7961,0.82468440,3.36755600,11.93104409,0.21019947,0.41274665,0.89081874
48415,0,USTexasScurry,Texas,Scurry,2020-09-09 05:14:27.979570,2020-09-09 00:00:00.000000,0:46:59.957656,0,40,100,0.32605973,0.77507385,1.92231025,54,129,321,42,100,255,0.25515342,0.60397026,1.52887211,0.25403890,0.52199766,1.31883873
48423,0,USTexasSmith,Texas,Smith,2020-09-09 05:36:05.258120,2020-09-09 00:00:00.000000,1:09:37.529445,0,40,100,2.32774587,3.97534062,5.44013106,5417,9252,12661,2510,6887,11857,1.07857702,2.95916249,5.09445265,0.22510962,0.29081437,0.57030890
48427,0,USTexasStarr,Texas,Starr,2020-09-09 04:46:50.727708,2020-09-09 00:00:00.000000,0:20:50.399148,0,40,100,9.15838317,25.91810252,77.55541652,5919,16751,50126,5424,13186,46563,8.39306603,20.40235309,72.04361019,0.28053671,1.09143432,3.65786536
48429,0,USTexasStephens,Texas,Stephens,2020-09-09 04:53:20.326395,2020-09-09 00:00:00.000000,0:27:32.037295,0,40,100,2.39369030,5.55295755,10.79556148,224,520,1011,161,424,852,1.72119381,4.53641909,9.09815636,0.17231113,0.38952675,0.65661308
48449,0,USTexasTitus,Texas,Titus,2020-09-09 04:57:19.622999,2020-09-09 00:00:00.000000,0:34:15.619312,0,40,100,2.99000026,9.22802930,65.30464728,979,3022,21387,958,2986,21294,2.92534388,9.11846642,65.02169896,0.55843743,1.61564039,6.11945815
48465,0,USTexasValVerde,Texas,Val Verde,2020-09-09 05:22:05.837230,2020-09-09 00:00:00.000000,1:01:05.043703,0,40,100,0.34037866,1.07631723,3.11617158,166,527,1527,110,373,944,0.22452582,0.76099619,1.92672530,0.85621708,0.94971615,1.10370906
48469,0,USTexasVictoria,Texas,Victoria,2020-09-09 05:24:53.368757,2020-09-09 00:00:00.000000,1:05:38.584891,0,40,100,0.13437596,0.19527779,0.67987721,123,179,626,101,142,420,0.11031612,0.15453079,0.45704296,0.42207638,0.73149544,1.01873054
48473,0,USTexasWaller,Texas,Waller,2020-09-09 05:03:38.931786,2020-09-09 00:00:00.000000,0:44:58.353563,1,40,100,7.50327197,15.55247037,84.55100341,4145,8592,46711,3679,6692,44232,6.65956554,12.11418290,80.06457618,0.33647721,1.19129158,7.26858388
48489,0,USTexasWillacy,Texas,Willacy,2020-09-09 04:40:27.351669,2020-09-09 00:00:00.000000,0:23:35.098580,0,40,100,11.93972665,16.59174731,24.15507375,2550,3543,5159,1831,2548,3949,8.57485344,11.93317292,18.49032034,0.64040240,1.00116652,1.92763103
48501,0,USTexasYoakum,Texas,Yoakum,2020-09-09 04:38:39.224418,2020-09-09 00:00:00.000000,0:24:22.495037,0,40,100,9.31846787,23.37161130,88.49213913,811,2036,7710,345,1001,5438,3.96439974,11.49117672,62.41277922,0.28853402,0.98138404,2.83303259
48503,0,USTexasYoung,Texas,Young,2020-09-09 04:55:07.374227,2020-09-09 00:00:00.000000,0:41:00.597617,0,40,100,1.38235304,8.51981028,88.41476352,248,1534,15923,89,668,8610,0.49726638,3.70934570,47.80786528,0.35961103,1.08083445,3.84405869
48505,0,USTexasZapata,Texas,Zapata,2020-09-09 04:33:30.210937,2020-09-09 00:00:00.000000,0:19:36.674475,0,40,100,7.00807155,19.83493433,61.55655727,993,2812,8728,640,1850,5050,4.51449946,13.05157627,35.61681263,0.27526523,1.42434291,6.45615788
49003,0,USUtahBoxElder,Utah,Box Elder,2020-08-08 09:57:05.360676,2020-08-08 00:00:00.000000,1:05:32.048428,74,20,100,0.00000000,0.00000000,0.00000000,0,0,0,0,0,0,0.00000000,0.00000000,0.00000000,0.25136420,0.39139656,0.48173939
49009,0,USUtahDaggett,Utah,Daggett,2020-08-08 09:33:56.069495,2020-08-08 00:00:00.000000,0:44:37.409946,80,20,100,0.00000000,0.00000000,0.00000000,0,0,0,0,0,0,0.00000000,0.00000000,0.00000000,0.41762447,0.48695152,0.63540835
49023,0,USUtahJuab,Utah,Juab,2020-08-08 09:43:06.160101,2020-08-08 00:00:00.000000,1:03:32.908156,78,20,100,0.00000000,0.00000000,0.00000000,0,0,0,0,0,0,0.00000000,0.00000000,0.00000000,0.31442973,0.46889555,0.50758544
49027,0,USUtahMillard,Utah,Millard,2020-08-08 09:39:21.790335,2020-08-08 00:00:00.000000,1:00:01.207221,80,20,100,0.00000000,0.00000000,0.00000000,0,0,0,0,0,0,0.00000000,0.00000000,0.00000000,0.26820037,0.30613217,0.32626402
49029,0,USUtahMorgan,Utah,Morgan,2020-08-08 09:42:01.688699,2020-08-08 00:00:00.000000,1:03:04.143370,79,20,100,0.00000000,0.00000000,0.00000000,0,0,0,0,0,0,0.00000000,0.00000000,0.00000000,0.25162030,0.33618452,0.49094324
49031,0,USUtahPiute,Utah,Piute,2020-08-08 09:19:26.511999,2020-08-08 00:00:00.000000,0:43:21.961924,80,20,100,0.00000000,0.00000000,0.00000000,0,0,0,0,0,0,0.00000000,0.00000000,0.00000000,0.42059437,0.60184982,0.78549004
49033,0,USUtahRich,Utah,Rich,2020-08-08 09:29:58.565487,2020-08-08 00:00:00.000000,1:00:24.954510,80,20,100,0.00000000,0.00000000,0.00000000,0,0,0,0,0,0,0.00000000,0.00000000,0.00000000,0.35904193,0.44742350,0.48072646
49039,0,USUtahSanpete,Utah,Sanpete,2020-08-08 09:27:57.511741,2020-08-08 00:00:00.000000,1:01:55.118621,80,20,100,0.00000000,0.00000000,0.00000000,0,0,0,0,0,0,0.00000000,0.00000000,0.00000000,0.32383415,0.41813035,0.43818525
49055,0,USUtahWayne,Utah,Wayne,2020-08-08 09:09:23.090334,2020-08-08 00:00:00.000000,1:01:20.997870,80,20,100,0.00000000,0.00000000,0.00000000,0,0,0,0,0,0,0.00000000,0.00000000,0.00000000,0.41360392,0.46287390,0.64630867
49057,0,USUtahWeber,Utah,Weber,2020-08-08 09:10:58.779145,2020-08-08 00:00:00.000000,1:04:05.309261,75,20,100,0.00000000,0.00000000,0.00000000,0,0,0,0,0,0,0.00000000,0.00000000,0.00000000,0.27767176,0.32924046,0.34478789
51029,0,USVirginiaBuckingham,Virginia,Buckingham,2020-09-09 04:45:26.271497,2020-09-09 00:00:00.000000,0:42:35.252854,0,40,100,0.10555482,0.40815777,72.96364200,18,69,12511,14,48,12466,0.08517953,0.28290306,72.69733081,0.16113679,0.57408038,1.36105556
51103,0,USVirginiaLancaster,Virginia,Lancaster,2020-09-09 04:14:06.636476,2020-09-09 00:00:00.000000,0:22:03.268773,0,40,100,8.53069332,25.02674420,69.52888117,904,2653,7372,66,782,2432,0.62830792,7.37679399,22.93805415,0.20357918,0.81036364,2.39824285
51111,0,USVirginiaLunenburg,Virginia,Lunenburg,2020-09-09 04:15:11.177039,2020-09-09 00:00:00.000000,0:24:10.921209,0,40,100,4.50562796,11.28924981,34.07259336,549,1376,4155,57,294,2021,0.46856140,2.41762095,16.57361319,0.13490023,0.32156815,1.09071826
51121,0,USVirginiaMontgomery,Virginia,Montgomery,2020-09-09 04:15:53.449126,2020-09-09 00:00:00.000000,0:26:43.908169,2,40,100,3.33521491,6.77206333,13.11899629,3286,6672,12926,1896,4321,8314,1.92498603,4.38562720,8.43847999,0.67053363,0.93318470,1.58934490
51143,0,USVirginiaPittsylvania,Virginia,Pittsylvania,2020-09-09 04:11:58.677863,2020-09-09 00:00:00.000000,0:25:33.423452,0,40,100,8.78416955,16.91966142,58.39298202,5301,10211,35242,3391,6693,24076,5.61974459,11.09092327,39.89238114,0.37432418,1.47869286,6.93446239
51159,0,USVirginiaRichmond,Virginia,Richmond,2020-09-09 04:24:17.243937,2020-09-09 00:00:00.000000,0:39:30.152227,0,40,100,0.26919020,3.00749248,83.96330859,24,271,7576,16,255,7550,0.17777870,2.82885403,83.68160154,0.91968125,2.88547542,12.00782919
51173,0,USVirginiaSmyth,Virginia,Smyth,2020-09-09 04:09:33.455239,2020-09-09 00:00:00.000000,0:29:02.479331,0,40,100,14.34844695,42.74024815,97.56366269,4319,12866,29370,1055,3057,13818,3.50551152,10.15512308,45.90167306,0.39875705,0.88929657,5.21734733
51181,0,USVirginiaSurry,Virginia,Surry,2020-09-09 04:01:04.231250,2020-09-09 00:00:00.000000,0:22:04.374074,0,40,100,18.93289279,37.66593648,80.33933894,1215,2418,5159,197,482,1908,3.06778129,7.50777106,29.71145670,0.14721035,0.54452931,2.71964998
51660,0,USVirginiaHarrisonburg,Virginia,Harrisonburg,2020-09-09 03:58:09.431822,2020-09-09 00:00:00.000000,0:24:00.399129,0,40,100,5.50287742,9.72242322,16.36650221,2917,5154,8676,1829,3316,6219,3.45116736,6.25518306,11.73172743,0.63522927,1.05410019,1.68979188
51750,0,USVirginiaRadford,Virginia,Radford,2020-09-09 04:03:16.694988,2020-09-09 00:00:00.000000,0:33:01.819641,0,40,100,9.46985443,16.05484586,21.55412937,1728,2929,3933,1336,2336,3254,7.32380394,12.80251713,17.83147892,0.26624931,0.35917612,0.48904910
53027,0,USWashingtonGraysHarbor,Washington,Grays Harbor,2020-09-09 03:51:16.558026,2020-09-09 00:00:00.000000,0:26:20.384453,0,40,100,11.50320900,34.10866613,91.28984885,8634,25602,68523,1921,6730,24560,2.56031498,8.96633363,32.72035002,0.29266172,0.97250036,3.14909868
53075,0,USWashingtonWhitman,Washington,Whitman,2020-09-09 03:47:42.572828,2020-09-09 00:00:00.000000,0:29:24.193205,0,40,100,6.98353877,12.13261945,21.62304753,3499,6078,10834,2412,4479,8063,4.81539521,8.93948953,16.09319995,0.30073050,0.46101178,0.81022490
55013,0,USWisconsinBurnett,Wisconsin,Burnett,2020-09-09 03:22:36.189226,2020-09-09 00:00:00.000000,0:24:10.688468,0,40,100,4.19016485,16.45320695,79.65630093,645,2536,12278,88,795,6202,0.57725874,5.16002709,40.24010244,0.09360372,0.31947300,1.81786257
55071,0,USWisconsinManitowoc,Wisconsin,Manitowoc,2020-09-09 03:19:39.854774,2020-09-09 00:00:00.000000,0:30:00.516200,1,40,100,2.90129192,10.27179477,34.63778329,2291,8112,27357,619,2854,18732,0.78490176,3.61439157,23.71731449,0.07745659,0.29650573,1.09540749
55083,0,USWisconsinOconto,Wisconsin,Oconto,2020-09-09 03:15:34.478934,2020-09-09 00:00:00.000000,0:27:05.613557,0,40,100,6.60870437,15.29654527,63.57634974,2506,5801,24114,1591,3859,12966,4.19629510,10.17516110,34.18594026,0.20941834,0.75611836,2.74202917
55087,0,USWisconsinOutagamie,Wisconsin,Outagamie,2020-09-09 03:22:50.436839,2020-09-09 00:00:00.000000,0:34:31.232956,5,40,100,3.94062221,6.99973343,14.42474337,7403,13151,27101,1973,3988,8516,1.05041342,2.12304888,4.53307503,0.47422502,0.84966129,1.67901215
55121,0,USWisconsinTrempealeau,Wisconsin,Trempealeau,2020-09-09 03:06:38.627867,2020-09-09 00:00:00.000000,0:26:47.465341,0,40,100,0.89564966,6.73488992,48.33636668,265,1996,14331,178,1414,14137,0.60159236,4.77122117,47.68305449,0.06136114,0.27632617,1.06460607
55135,0,USWisconsinWaupaca,Wisconsin,Waupaca,2020-09-09 03:05:46.464804,2020-09-09 00:00:00.000000,0:29:42.326752,0,40,100,5.58080256,12.82227211,52.46796638,2845,6538,26753,1814,5713,15284,3.55790972,11.20579168,29.97546892,0.18217880,0.59959368,2.89753206
56001,0,USWyomingAlbany,Wyoming,Albany,2020-09-09 02:59:11.459292,2020-09-09 00:00:00.000000,0:24:33.269869,0,40,100,9.56208508,27.98702817,58.90995811,3717,10881,22904,321,1367,4338,0.82658771,3.51775590,11.15981309,0.43124503,1.00859823,2.25494006
56033,0,USWyomingSheridan,Wyoming,Sheridan,2020-09-09 02:54:03.817317,2020-09-09 00:00:00.000000,0:23:39.945996,0,40,100,8.85298784,40.89856217,77.23066842,2698,12467,23543,311,2291,4506,1.02039212,7.51707101,14.78250449,0.29913047,1.30085996,3.38037762
0,0,ChinaNingxia,Ningxia,,2020-08-14 01:35:42.794472,2020-08-14 00:00:00.000000,0:51:02.095311,80,40,100,0.00000000,0.00000000,0.00000000,0,0,0,0,0,0,0.00000000,0.00000000,0.00000000,0.22112301,0.23361145,0.24603141
0,0,ChinaQinghai,Qinghai,,2020-08-14 01:34:58.582095,2020-08-14 00:00:00.000000,0:50:10.335294,80,40,100,0.00000000,0.00000000,0.00000000,0,0,0,0,0,0,0.00000000,0.00000000,0.00000000,0.25800092,0.26644424,0.27481342
0,0,ChinaTibet,Tibet,,2020-08-14 01:28:46.044451,2020-08-14 00:00:00.000000,0:43:59.435241,80,40,100,0.00000000,0.00000000,0.00000000,0,0,0,0,0,0,0.00000000,0.00000000,0.00000000,0.26513670,0.30824274,0.35134268
0,0,FranceFrenchPolynesia,French Polynesia,,2020-09-09 03:00:29.283122,2020-09-09 00:00:00.000000,1:08:32.149795,0,40,100,3.64521579,7.52654028,18.67580488,10239,21142,52461,4775,7949,14838,1.69990581,2.83003875,5.28254253,0.42073408,0.64868980,1.39763815
0,0,Montenegro,,,2020-09-09 01:45:39.197953,2020-09-09 00:00:00.000000,0:38:56.805802,0,40,100,0.51763160,3.65960233,15.38321319,3251,22984,96616,1987,20843,96412,0.31649224,3.31871773,15.35080914,0.38197458,0.81534103,2.20302727
