FIPS,HR_UID,nameid,province,region,analysisTime,dates,pointprevalence_025,pointprevalence_50,pointprevalence_975,pointinfections_025,pointinfections_50,pointinfections_975,pointinfectious_025,pointinfectious_50,pointinfectious_975,pointinfectiousprevalence_05,pointinfectiousprevalence_50,pointinfectiousprevalence_95,infectrate_025,infectrate_50,infectrate_975
55029,0,USWisconsinDoor,Wisconsin,Door,2020-10-11 01:50:23.039915,2020-03-09 00:00:00.000000,0.00147122,0.01635546,0.04488638,0,4,12,0,2,7,0.00073865,0.00857018,0.02590240,0.41323409,0.56272525,0.74322296
55029,0,USWisconsinDoor,Wisconsin,Door,2020-10-11 01:50:23.039915,2020-03-10 00:00:00.000000,0.00161496,0.01908804,0.04983345,0,5,13,0,2,6,0.00075624,0.00888927,0.02445675,0.41322759,0.56268234,0.74321929
55029,0,USWisconsinDoor,Wisconsin,Door,2020-10-11 01:50:23.039915,2020-03-11 00:00:00.000000,0.00177036,0.02138969,0.05443142,0,5,15,0,2,6,0.00079764,0.00914263,0.02449265,0.41321823,0.56257877,0.74321134
55029,0,USWisconsinDoor,Wisconsin,Door,2020-10-11 01:50:23.039915,2020-03-12 00:00:00.000000,0.00194015,0.02337210,0.05928085,0,6,16,0,2,7,0.00085561,0.00971782,0.02573966,0.41320476,0.56232891,0.74319390
55029,0,USWisconsinDoor,Wisconsin,Door,2020-10-11 01:50:23.039915,2020-03-13 00:00:00.000000,0.00212653,0.02530861,0.06446868,0,7,17,0,2,7,0.00092650,0.01045421,0.02694864,0.41318525,0.56180408,0.74315535
55029,0,USWisconsinDoor,Wisconsin,Door,2020-10-11 01:50:23.039915,2020-03-14 00:00:00.000000,0.00233141,0.02741681,0.07006357,0,7,19,0,3,7,0.00100861,0.01147137,0.02882619,0.41315643,0.56153095,0.74306961
55029,0,USWisconsinDoor,Wisconsin,Door,2020-10-11 01:50:23.039915,2020-03-15 00:00:00.000000,0.00255654,0.02966836,0.07675160,0,8,21,0,3,8,0.00110138,0.01264978,0.03102905,0.41311081,0.55874025,0.74287833
55029,0,USWisconsinDoor,Wisconsin,Door,2020-10-11 01:50:23.039915,2020-03-16 00:00:00.000000,0.00563028,0.03476389,0.09000898,1,9,24,0,3,9,0.00120485,0.01395807,0.03340122,0.41302345,0.55868319,0.74196170
55029,0,USWisconsinDoor,Wisconsin,Door,2020-10-11 01:50:23.039915,2020-03-17 00:00:00.000000,0.00985316,0.04319015,0.10623400,2,11,29,0,4,10,0.00171854,0.01578402,0.03716836,0.41278564,0.54770873,0.72512558
55029,0,USWisconsinDoor,Wisconsin,Door,2020-10-11 01:50:23.039915,2020-03-18 00:00:00.000000,0.01419778,0.05232379,0.12124872,3,14,33,0,5,12,0.00309428,0.01871980,0.04419368,0.39206911,0.53486165,0.72292745
55029,0,USWisconsinDoor,Wisconsin,Door,2020-10-11 01:50:23.039915,2020-03-19 00:00:00.000000,0.01701198,0.06440759,0.13451624,4,17,37,1,6,14,0.00496582,0.02230560,0.05198754,0.36339064,0.50747334,0.71621969
55029,0,USWisconsinDoor,Wisconsin,Door,2020-10-11 01:50:23.039915,2020-03-20 00:00:00.000000,0.02008637,0.07715317,0.14985254,5,21,41,1,7,16,0.00611030,0.02646649,0.06014666,0.33975125,0.48851577,0.69243695
55029,0,USWisconsinDoor,Wisconsin,Door,2020-10-11 01:50:23.039915,2020-03-21 00:00:00.000000,0.02342625,0.08667265,0.16410481,6,23,45,2,8,19,0.00732486,0.03149773,0.06921209,0.32731515,0.46224362,0.66273761
55029,0,USWisconsinDoor,Wisconsin,Door,2020-10-11 01:50:23.039915,2020-03-22 00:00:00.000000,0.02702232,0.09591716,0.17852100,7,26,49,2,10,21,0.00933110,0.03708521,0.07764031,0.32207746,0.44073459,0.64225000
55029,0,USWisconsinDoor,Wisconsin,Door,2020-10-11 01:50:23.039915,2020-03-23 00:00:00.000000,0.03317178,0.10490738,0.18987831,9,29,52,3,11,23,0.01156251,0.04316231,0.08513055,0.31616784,0.42283016,0.61560331
55029,0,USWisconsinDoor,Wisconsin,Door,2020-10-11 01:50:23.039915,2020-03-24 00:00:00.000000,0.03734909,0.11374244,0.20802703,10,31,57,4,13,25,0.01502499,0.04842078,0.09159760,0.29628359,0.40861916,0.60083859
55029,0,USWisconsinDoor,Wisconsin,Door,2020-10-11 01:50:23.039915,2020-03-25 00:00:00.000000,0.04353143,0.12299594,0.22635821,12,34,62,4,14,26,0.01630550,0.05336758,0.09735125,0.29228211,0.39847152,0.58897768
55029,0,USWisconsinDoor,Wisconsin,Door,2020-10-11 01:50:23.039915,2020-03-26 00:00:00.000000,0.05234498,0.13354042,0.24183143,14,36,66,4,16,28,0.01762850,0.05801763,0.10263722,0.27053079,0.39113919,0.58288788
55029,0,USWisconsinDoor,Wisconsin,Door,2020-10-11 01:50:23.039915,2020-03-27 00:00:00.000000,0.06175766,0.14510691,0.25494935,17,40,70,5,17,30,0.02164454,0.06250808,0.10891887,0.26592968,0.37272312,0.55195793
55029,0,USWisconsinDoor,Wisconsin,Door,2020-10-11 01:50:23.039915,2020-03-28 00:00:00.000000,0.07183051,0.15654174,0.27983240,19,43,77,7,18,33,0.02607301,0.06717273,0.12060949,0.24814438,0.35884774,0.54248534
55029,0,USWisconsinDoor,Wisconsin,Door,2020-10-11 01:50:23.039915,2020-03-29 00:00:00.000000,0.08087856,0.16517173,0.29761081,22,45,82,8,20,35,0.03086826,0.07229620,0.12722531,0.24624775,0.34787922,0.53097847
55029,0,USWisconsinDoor,Wisconsin,Door,2020-10-11 01:50:23.039915,2020-03-30 00:00:00.000000,0.08924125,0.17859130,0.32398139,24,49,89,9,21,38,0.03603742,0.07800204,0.13774317,0.24560771,0.33458323,0.52174171
55029,0,USWisconsinDoor,Wisconsin,Door,2020-10-11 01:50:23.039915,2020-03-31 00:00:00.000000,0.09669522,0.19095622,0.34050260,26,52,94,11,23,40,0.04057118,0.08396596,0.14644656,0.24441402,0.32179937,0.51457398
55029,0,USWisconsinDoor,Wisconsin,Door,2020-10-11 01:50:23.039915,2020-04-01 00:00:00.000000,0.10470390,0.20246269,0.35693049,28,56,98,12,24,43,0.04485873,0.08955097,0.15720505,0.23263836,0.31351459,0.50773197
55029,0,USWisconsinDoor,Wisconsin,Door,2020-10-11 01:50:23.039915,2020-04-02 00:00:00.000000,0.11315716,0.21584600,0.37336278,31,59,103,13,26,47,0.04912190,0.09703666,0.17077221,0.22894882,0.30470408,0.49086076
55029,0,USWisconsinDoor,Wisconsin,Door,2020-10-11 01:50:23.039915,2020-04-03 00:00:00.000000,0.12184521,0.22998321,0.38964628,33,63,107,14,28,50,0.05350141,0.10408034,0.18413508,0.23099437,0.29661388,0.45486961
55029,0,USWisconsinDoor,Wisconsin,Door,2020-10-11 01:50:23.039915,2020-04-04 00:00:00.000000,0.13458191,0.24222348,0.40408114,37,67,111,16,30,54,0.05800008,0.11051653,0.19721253,0.22342523,0.29110572,0.45172185
55029,0,USWisconsinDoor,Wisconsin,Door,2020-10-11 01:50:23.039915,2020-04-05 00:00:00.000000,0.13722924,0.25453678,0.41340844,37,70,114,16,32,58,0.06004910,0.11739292,0.21008111,0.19113594,0.28574951,0.43272684
55029,0,USWisconsinDoor,Wisconsin,Door,2020-10-11 01:50:23.039915,2020-04-06 00:00:00.000000,0.14541408,0.26804278,0.41279775,40,74,114,18,34,61,0.06643079,0.12505566,0.22168831,0.19074545,0.27682943,0.41381793
55029,0,USWisconsinDoor,Wisconsin,Door,2020-10-11 01:50:23.039915,2020-04-07 00:00:00.000000,0.15066584,0.28027486,0.42966637,41,77,118,19,36,63,0.07035341,0.13348760,0.23003838,0.18743352,0.27357755,0.39314794
55029,0,USWisconsinDoor,Wisconsin,Door,2020-10-11 01:50:23.039915,2020-04-08 00:00:00.000000,0.15744393,0.29138802,0.44703417,43,80,123,20,38,65,0.07419979,0.13859582,0.23658838,0.19039944,0.27029409,0.38758785
55029,0,USWisconsinDoor,Wisconsin,Door,2020-10-11 01:50:23.039915,2020-04-09 00:00:00.000000,0.16348983,0.30188963,0.46058335,45,83,127,21,40,66,0.07798174,0.14534411,0.24178405,0.19006087,0.26834142,0.37479383
55029,0,USWisconsinDoor,Wisconsin,Door,2020-10-11 01:50:23.039915,2020-04-10 00:00:00.000000,0.16841628,0.31093560,0.47378006,46,86,131,22,42,68,0.08125438,0.15210203,0.24596703,0.18940349,0.26407449,0.37353468
55029,0,USWisconsinDoor,Wisconsin,Door,2020-10-11 01:50:23.039915,2020-04-11 00:00:00.000000,0.17466672,0.31894767,0.49935807,48,88,138,22,43,69,0.08309261,0.15704163,0.24942181,0.17233379,0.25646817,0.37364088
55029,0,USWisconsinDoor,Wisconsin,Door,2020-10-11 01:50:23.039915,2020-04-12 00:00:00.000000,0.18091214,0.32815698,0.52484578,50,90,145,23,45,72,0.08563226,0.16319657,0.26160762,0.16179744,0.25104138,0.37545462
55029,0,USWisconsinDoor,Wisconsin,Door,2020-10-11 01:50:23.039915,2020-04-13 00:00:00.000000,0.18596530,0.33397338,0.53586522,51,92,148,24,46,75,0.08984734,0.16875817,0.27143445,0.16401036,0.24580409,0.36533416
55029,0,USWisconsinDoor,Wisconsin,Door,2020-10-11 01:50:23.039915,2020-04-14 00:00:00.000000,0.19098788,0.34093856,0.54415977,52,94,150,25,47,76,0.09378093,0.17316301,0.27584097,0.16599232,0.24486771,0.36270253
55029,0,USWisconsinDoor,Wisconsin,Door,2020-10-11 01:50:23.039915,2020-04-15 00:00:00.000000,0.19594276,0.35527436,0.55374659,54,98,153,26,49,77,0.09751306,0.17794254,0.28016453,0.15005000,0.23925838,0.36969676
55029,0,USWisconsinDoor,Wisconsin,Door,2020-10-11 01:50:23.039915,2020-04-16 00:00:00.000000,0.20085758,0.36561394,0.56437381,55,101,156,27,51,78,0.10097722,0.18574983,0.28463086,0.14707311,0.23555721,0.36926456
55029,0,USWisconsinDoor,Wisconsin,Door,2020-10-11 01:50:23.039915,2020-04-17 00:00:00.000000,0.20578630,0.37540235,0.57547962,56,103,159,28,53,80,0.10183331,0.19360188,0.29075268,0.14560080,0.23491896,0.34811016
55029,0,USWisconsinDoor,Wisconsin,Door,2020-10-11 01:50:23.039915,2020-04-18 00:00:00.000000,0.21076340,0.38241719,0.60568909,58,105,167,28,54,82,0.10263689,0.19764312,0.29811286,0.14810614,0.23178144,0.33713253
55029,0,USWisconsinDoor,Wisconsin,Door,2020-10-11 01:50:23.039915,2020-04-19 00:00:00.000000,0.21575298,0.38874514,0.63770409,59,107,176,28,55,83,0.10336134,0.20028317,0.30296891,0.14465213,0.23162486,0.32970705
55029,0,USWisconsinDoor,Wisconsin,Door,2020-10-11 01:50:23.039915,2020-04-20 00:00:00.000000,0.22292952,0.39396475,0.64270369,61,109,177,28,55,86,0.10397098,0.20218793,0.31418787,0.14458217,0.22297371,0.33583420
55029,0,USWisconsinDoor,Wisconsin,Door,2020-10-11 01:50:23.039915,2020-04-21 00:00:00.000000,0.22996955,0.40172904,0.64709885,63,111,179,30,56,89,0.10932986,0.20524564,0.32205025,0.14452952,0.21888722,0.33501564
55029,0,USWisconsinDoor,Wisconsin,Door,2020-10-11 01:50:23.039915,2020-04-22 00:00:00.000000,0.23683386,0.40697105,0.65030368,65,112,179,32,57,90,0.11586681,0.20850430,0.32691578,0.15478998,0.21668266,0.32713260
55029,0,USWisconsinDoor,Wisconsin,Door,2020-10-11 01:50:23.039915,2020-04-23 00:00:00.000000,0.23304596,0.41140789,0.65243101,64,113,180,32,58,90,0.11686906,0.20999050,0.32875700,0.14362450,0.21622749,0.32249084
55029,0,USWisconsinDoor,Wisconsin,Door,2020-10-11 01:50:23.039915,2020-04-24 00:00:00.000000,0.24387316,0.41723028,0.65405553,67,115,180,32,59,93,0.11765118,0.21440560,0.33655864,0.13744351,0.21466826,0.31829037
55029,0,USWisconsinDoor,Wisconsin,Door,2020-10-11 01:50:23.039915,2020-04-25 00:00:00.000000,0.24906058,0.42148768,0.67986474,68,116,188,32,60,95,0.11764340,0.21864011,0.34573078,0.13562924,0.21291844,0.32750029
55029,0,USWisconsinDoor,Wisconsin,Door,2020-10-11 01:50:23.039915,2020-04-26 00:00:00.000000,0.24981244,0.42178994,0.69684909,69,116,192,32,60,98,0.11870956,0.21978820,0.35714860,0.13506634,0.21092268,0.33513075
55029,0,USWisconsinDoor,Wisconsin,Door,2020-10-11 01:50:23.039915,2020-04-27 00:00:00.000000,0.25565840,0.42041210,0.70211406,70,116,194,32,62,100,0.11915981,0.22422712,0.36417642,0.13474921,0.20524203,0.33894269
55029,0,USWisconsinDoor,Wisconsin,Door,2020-10-11 01:50:23.039915,2020-04-28 00:00:00.000000,0.26028939,0.42315459,0.72345240,72,117,200,33,63,102,0.11950978,0.23011501,0.36940193,0.13430044,0.20240447,0.34009483
55029,0,USWisconsinDoor,Wisconsin,Door,2020-10-11 01:50:23.039915,2020-04-29 00:00:00.000000,0.26078231,0.42548128,0.74350652,72,117,205,33,63,103,0.12026257,0.23089435,0.37396366,0.13340297,0.19865079,0.33988845
55029,0,USWisconsinDoor,Wisconsin,Door,2020-10-11 01:50:23.039915,2020-04-30 00:00:00.000000,0.26068229,0.43744838,0.76165910,72,121,210,33,64,106,0.12131360,0.23392542,0.38490180,0.13166818,0.19437752,0.32100935
55029,0,USWisconsinDoor,Wisconsin,Door,2020-10-11 01:50:23.039915,2020-05-01 00:00:00.000000,0.26058972,0.44459747,0.77714965,72,123,215,33,64,109,0.12199706,0.23486831,0.39511681,0.12889953,0.19153162,0.29402493
55029,0,USWisconsinDoor,Wisconsin,Door,2020-10-11 01:50:23.039915,2020-05-02 00:00:00.000000,0.26254930,0.44874745,0.78912427,72,124,218,33,66,111,0.12247286,0.23975108,0.40462484,0.12067490,0.18952586,0.29184754
55029,0,USWisconsinDoor,Wisconsin,Door,2020-10-11 01:50:23.039915,2020-05-03 00:00:00.000000,0.26386744,0.45410745,0.79990919,73,125,221,34,67,114,0.12387685,0.24248834,0.41332997,0.11485769,0.18703541,0.29035690
55029,0,USWisconsinDoor,Wisconsin,Door,2020-10-11 01:50:23.039915,2020-05-04 00:00:00.000000,0.26608541,0.46251148,0.79995019,73,127,221,35,67,116,0.12733036,0.24377175,0.42106973,0.11187053,0.18437422,0.28837916
55029,0,USWisconsinDoor,Wisconsin,Door,2020-10-11 01:50:23.039915,2020-05-05 00:00:00.000000,0.26647202,0.47151270,0.79002473,73,130,218,35,67,118,0.12930547,0.24569781,0.42970598,0.10978744,0.17962363,0.28894326
55029,0,USWisconsinDoor,Wisconsin,Door,2020-10-11 01:50:23.039915,2020-05-06 00:00:00.000000,0.26402265,0.47893990,0.77642328,73,132,214,36,68,121,0.13023673,0.24926959,0.43861544,0.10991071,0.17750150,0.28866695
55029,0,USWisconsinDoor,Wisconsin,Door,2020-10-11 01:50:23.039915,2020-05-07 00:00:00.000000,0.26135068,0.48196687,0.77552170,72,133,214,36,70,123,0.13043545,0.25454012,0.44743951,0.11019743,0.17576953,0.28194652
55029,0,USWisconsinDoor,Wisconsin,Door,2020-10-11 01:50:23.039915,2020-05-08 00:00:00.000000,0.25866232,0.48679311,0.78775171,71,134,217,36,71,126,0.13012374,0.25992274,0.45600655,0.10995209,0.17522764,0.27698826
55029,0,USWisconsinDoor,Wisconsin,Door,2020-10-11 01:50:23.039915,2020-05-09 00:00:00.000000,0.25659918,0.49647614,0.79333663,70,137,219,35,72,127,0.12780785,0.26236897,0.46037195,0.11021594,0.17423333,0.27018885
55029,0,USWisconsinDoor,Wisconsin,Door,2020-10-11 01:50:23.039915,2020-05-10 00:00:00.000000,0.25687380,0.49192401,0.79104592,71,136,218,35,73,127,0.12716929,0.26558218,0.46094445,0.10133258,0.17405703,0.25624851
55029,0,USWisconsinDoor,Wisconsin,Door,2020-10-11 01:50:23.039915,2020-05-11 00:00:00.000000,0.25917032,0.48332540,0.79443486,71,133,219,35,73,127,0.12728437,0.26560011,0.46100509,0.10128586,0.17145161,0.25302885
55029,0,USWisconsinDoor,Wisconsin,Door,2020-10-11 01:50:23.039915,2020-05-12 00:00:00.000000,0.26406706,0.48773916,0.78656531,73,134,217,35,74,128,0.12671107,0.26980919,0.46461284,0.09486302,0.16993730,0.24589149
55029,0,USWisconsinDoor,Wisconsin,Door,2020-10-11 01:50:23.039915,2020-05-13 00:00:00.000000,0.26757701,0.48206476,0.79706157,74,133,220,35,75,129,0.12671924,0.27288493,0.46767254,0.09340909,0.16971383,0.24854609
55029,0,USWisconsinDoor,Wisconsin,Door,2020-10-11 01:50:23.039915,2020-05-14 00:00:00.000000,0.26414437,0.47653445,0.80503398,73,131,222,35,75,129,0.12653661,0.27277247,0.46984369,0.09328245,0.16826782,0.23674092
55029,0,USWisconsinDoor,Wisconsin,Door,2020-10-11 01:50:23.039915,2020-05-15 00:00:00.000000,0.25896316,0.46579633,0.80713483,71,128,223,34,74,130,0.12612825,0.26948996,0.47067095,0.09328392,0.16509442,0.23235247
55029,0,USWisconsinDoor,Wisconsin,Door,2020-10-11 01:50:23.039915,2020-05-16 00:00:00.000000,0.25418236,0.46007291,0.80591664,70,127,222,34,74,128,0.12596384,0.26827014,0.46616599,0.09332193,0.16303406,0.22794731
55029,0,USWisconsinDoor,Wisconsin,Door,2020-10-11 01:50:23.039915,2020-05-17 00:00:00.000000,0.25217878,0.45617615,0.80271285,69,126,222,34,73,129,0.12575687,0.26409575,0.46688355,0.09339651,0.16221040,0.22196322
55029,0,USWisconsinDoor,Wisconsin,Door,2020-10-11 01:50:23.039915,2020-05-18 00:00:00.000000,0.24825848,0.45039854,0.79415214,68,124,219,34,72,129,0.12543494,0.26240472,0.46697041,0.09567548,0.16193537,0.22318025
55029,0,USWisconsinDoor,Wisconsin,Door,2020-10-11 01:50:23.039915,2020-05-19 00:00:00.000000,0.24459318,0.44954505,0.79024742,67,124,218,34,72,129,0.12456100,0.26122806,0.46826556,0.09955453,0.16154177,0.22434049
55029,0,USWisconsinDoor,Wisconsin,Door,2020-10-11 01:50:23.039915,2020-05-20 00:00:00.000000,0.24150738,0.45155161,0.79305402,66,124,219,34,71,130,0.12328044,0.25681865,0.47325154,0.09341121,0.15806605,0.22478418
55029,0,USWisconsinDoor,Wisconsin,Door,2020-10-11 01:50:23.039915,2020-05-21 00:00:00.000000,0.23528569,0.45421622,0.79510774,65,125,219,33,70,132,0.12170531,0.25328815,0.47801802,0.09178075,0.15689227,0.22469825
55029,0,USWisconsinDoor,Wisconsin,Door,2020-10-11 01:50:23.039915,2020-05-22 00:00:00.000000,0.23098977,0.44722139,0.79546226,63,123,220,33,69,131,0.12163246,0.24986041,0.47668345,0.09118447,0.15800283,0.22350429
55029,0,USWisconsinDoor,Wisconsin,Door,2020-10-11 01:50:23.039915,2020-05-23 00:00:00.000000,0.22684409,0.44044836,0.79246293,62,121,219,33,68,131,0.12179269,0.24630495,0.47421319,0.09300803,0.15764300,0.22560069
55029,0,USWisconsinDoor,Wisconsin,Door,2020-10-11 01:50:23.039915,2020-05-24 00:00:00.000000,0.22286901,0.43774713,0.78657446,61,121,217,33,67,130,0.12148383,0.24507103,0.47103598,0.09113865,0.15912579,0.22891598
55029,0,USWisconsinDoor,Wisconsin,Door,2020-10-11 01:50:23.039915,2020-05-25 00:00:00.000000,0.21589668,0.43478750,0.76867234,59,120,212,32,67,129,0.11841782,0.24242208,0.46777198,0.09130099,0.16101416,0.22975059
55029,0,USWisconsinDoor,Wisconsin,Door,2020-10-11 01:50:23.039915,2020-05-26 00:00:00.000000,0.20910167,0.43154057,0.74973554,57,119,207,32,66,128,0.11624543,0.24133684,0.46474909,0.09171025,0.16191693,0.22800370
55029,0,USWisconsinDoor,Wisconsin,Door,2020-10-11 01:50:23.039915,2020-05-27 00:00:00.000000,0.20516495,0.43099327,0.73015336,56,119,202,31,66,127,0.11470099,0.24045421,0.46216447,0.09309584,0.16223581,0.22969821
55029,0,USWisconsinDoor,Wisconsin,Door,2020-10-11 01:50:23.039915,2020-05-28 00:00:00.000000,0.20446688,0.42925988,0.71447649,56,118,197,31,65,125,0.11297235,0.23509184,0.45529242,0.09476496,0.16254839,0.23189462
55029,0,USWisconsinDoor,Wisconsin,Door,2020-10-11 01:50:23.039915,2020-05-29 00:00:00.000000,0.20413781,0.42772019,0.70369329,56,118,194,30,65,124,0.11195417,0.23544497,0.44980023,0.09579133,0.16149163,0.23486711
55029,0,USWisconsinDoor,Wisconsin,Door,2020-10-11 01:50:23.039915,2020-05-30 00:00:00.000000,0.20422182,0.42260034,0.69347351,56,116,191,30,65,123,0.11090950,0.23562520,0.44784871,0.09681439,0.16227768,0.23859750
55029,0,USWisconsinDoor,Wisconsin,Door,2020-10-11 01:50:23.039915,2020-05-31 00:00:00.000000,0.20468890,0.42496867,0.68381370,56,117,189,30,65,123,0.10979228,0.23619427,0.44602000,0.10065418,0.16320260,0.24272948
55029,0,USWisconsinDoor,Wisconsin,Door,2020-10-11 01:50:23.039915,2020-06-01 00:00:00.000000,0.20608073,0.42186622,0.67527238,57,116,186,30,65,122,0.10858190,0.23821414,0.44436851,0.11056309,0.16688622,0.24691522
55029,0,USWisconsinDoor,Wisconsin,Door,2020-10-11 01:50:23.039915,2020-06-02 00:00:00.000000,0.20766970,0.42401663,0.66702745,57,117,184,29,64,122,0.10715601,0.23364543,0.44263117,0.11276655,0.16988597,0.25254203
55029,0,USWisconsinDoor,Wisconsin,Door,2020-10-11 01:50:23.039915,2020-06-03 00:00:00.000000,0.20937927,0.42560334,0.66416258,57,117,183,29,64,121,0.10559436,0.23350204,0.44075615,0.10434311,0.17450693,0.26296078
55029,0,USWisconsinDoor,Wisconsin,Door,2020-10-11 01:50:23.039915,2020-06-04 00:00:00.000000,0.21073428,0.42693436,0.67529149,58,118,186,28,65,121,0.10395844,0.23663006,0.43913812,0.10220402,0.17713906,0.28104836
55029,0,USWisconsinDoor,Wisconsin,Door,2020-10-11 01:50:23.039915,2020-06-05 00:00:00.000000,0.20816291,0.43406603,0.68746973,57,120,190,28,66,121,0.10229304,0.23959281,0.43810702,0.11444172,0.17799661,0.29462428
55029,0,USWisconsinDoor,Wisconsin,Door,2020-10-11 01:50:23.039915,2020-06-06 00:00:00.000000,0.20500219,0.43693514,0.70178493,56,120,194,27,66,121,0.10081144,0.23887367,0.43784241,0.11480929,0.17858100,0.30447917
55029,0,USWisconsinDoor,Wisconsin,Door,2020-10-11 01:50:23.039915,2020-06-07 00:00:00.000000,0.20174201,0.43866015,0.72110160,55,121,199,28,65,121,0.10178077,0.23776582,0.43838012,0.11525137,0.18346248,0.31214792
55029,0,USWisconsinDoor,Wisconsin,Door,2020-10-11 01:50:23.039915,2020-06-08 00:00:00.000000,0.20801319,0.44822018,0.73927482,57,124,204,27,65,121,0.10040635,0.23710566,0.43965422,0.11480999,0.18829228,0.32192026
55029,0,USWisconsinDoor,Wisconsin,Door,2020-10-11 01:50:23.039915,2020-06-09 00:00:00.000000,0.21433400,0.45167409,0.76170167,59,124,210,27,65,122,0.09982824,0.23639915,0.44222333,0.11261284,0.19294362,0.33220634
55029,0,USWisconsinDoor,Wisconsin,Door,2020-10-11 01:50:23.039915,2020-06-10 00:00:00.000000,0.21457787,0.45339725,0.75338471,59,125,208,27,65,123,0.09981589,0.23694747,0.44574313,0.11110981,0.19561360,0.34153357
55029,0,USWisconsinDoor,Wisconsin,Door,2020-10-11 01:50:23.039915,2020-06-11 00:00:00.000000,0.21512222,0.45306812,0.74303799,59,125,205,27,65,124,0.10020193,0.23712584,0.44995076,0.11089319,0.20218116,0.34354913
55029,0,USWisconsinDoor,Wisconsin,Door,2020-10-11 01:50:23.039915,2020-06-12 00:00:00.000000,0.21681763,0.45983643,0.73300061,59,127,202,28,65,125,0.10242419,0.23814151,0.45465211,0.11719563,0.20624930,0.33095672
55029,0,USWisconsinDoor,Wisconsin,Door,2020-10-11 01:50:23.039915,2020-06-13 00:00:00.000000,0.21922018,0.47550973,0.74236287,60,131,205,29,67,127,0.10513355,0.24320759,0.45969230,0.11843108,0.21386216,0.36411091
55029,0,USWisconsinDoor,Wisconsin,Door,2020-10-11 01:50:23.039915,2020-06-14 00:00:00.000000,0.22200840,0.48311128,0.75409268,61,133,208,29,68,128,0.10820507,0.24704574,0.46479775,0.11750594,0.22027201,0.39068161
55029,0,USWisconsinDoor,Wisconsin,Door,2020-10-11 01:50:23.039915,2020-06-15 00:00:00.000000,0.22776522,0.49474589,0.77986693,63,136,215,30,69,128,0.11163106,0.25104898,0.46518598,0.11645965,0.22320011,0.39949931
55029,0,USWisconsinDoor,Wisconsin,Door,2020-10-11 01:50:23.039915,2020-06-16 00:00:00.000000,0.23408388,0.49865720,0.80570161,64,137,222,31,71,126,0.11439068,0.25687473,0.45765092,0.11630657,0.22512952,0.40293215
55029,0,USWisconsinDoor,Wisconsin,Door,2020-10-11 01:50:23.039915,2020-06-17 00:00:00.000000,0.24087590,0.51332076,0.83183611,66,142,230,32,71,124,0.11673813,0.25881295,0.45083931,0.11629320,0.22753752,0.40162657
55029,0,USWisconsinDoor,Wisconsin,Door,2020-10-11 01:50:23.039915,2020-06-18 00:00:00.000000,0.24988837,0.51155658,0.85820801,69,141,237,32,74,123,0.11885467,0.26872423,0.44554153,0.12031404,0.23139749,0.39664028
55029,0,USWisconsinDoor,Wisconsin,Door,2020-10-11 01:50:23.039915,2020-06-19 00:00:00.000000,0.26150696,0.51261544,0.88275951,72,141,244,33,75,122,0.12076385,0.27206685,0.44412081,0.12830039,0.23208555,0.38911784
55029,0,USWisconsinDoor,Wisconsin,Door,2020-10-11 01:50:23.039915,2020-06-20 00:00:00.000000,0.26686572,0.52975172,0.88997415,73,146,246,33,77,126,0.12254610,0.27945023,0.45699053,0.13311741,0.23197509,0.38149372
55029,0,USWisconsinDoor,Wisconsin,Door,2020-10-11 01:50:23.039915,2020-06-21 00:00:00.000000,0.27371666,0.53775539,0.89767444,75,148,248,34,77,130,0.12571970,0.28152771,0.47029961,0.14423848,0.24031365,0.37712759
55029,0,USWisconsinDoor,Wisconsin,Door,2020-10-11 01:50:23.039915,2020-06-22 00:00:00.000000,0.29298634,0.55301927,0.90931942,81,153,251,36,79,133,0.13163672,0.28756860,0.48395176,0.14387643,0.25109699,0.37584437
55029,0,USWisconsinDoor,Wisconsin,Door,2020-10-11 01:50:23.039915,2020-06-23 00:00:00.000000,0.30645582,0.56549441,0.92133482,84,156,254,38,80,137,0.13780932,0.29135176,0.49686165,0.14164312,0.25407205,0.36565345
55029,0,USWisconsinDoor,Wisconsin,Door,2020-10-11 01:50:23.039915,2020-06-24 00:00:00.000000,0.31041016,0.57039404,0.93743306,85,157,259,39,82,140,0.14420799,0.29729625,0.50916045,0.14232461,0.25821248,0.36283662
55029,0,USWisconsinDoor,Wisconsin,Door,2020-10-11 01:50:23.039915,2020-06-25 00:00:00.000000,0.31628752,0.57842402,0.97783354,87,160,270,41,83,144,0.15075309,0.30337208,0.52075246,0.14682076,0.26554596,0.36161751
55029,0,USWisconsinDoor,Wisconsin,Door,2020-10-11 01:50:23.039915,2020-06-26 00:00:00.000000,0.32529974,0.59290181,1.01872427,90,164,281,43,85,145,0.15734283,0.30989556,0.52721869,0.15929491,0.27437298,0.38528328
55029,0,USWisconsinDoor,Wisconsin,Door,2020-10-11 01:50:23.039915,2020-06-27 00:00:00.000000,0.33686577,0.61030154,1.06004240,93,168,293,45,87,147,0.16386898,0.31682738,0.53405290,0.16570972,0.28249503,0.38593203
55029,0,USWisconsinDoor,Wisconsin,Door,2020-10-11 01:50:23.039915,2020-06-28 00:00:00.000000,0.34719999,0.62975879,1.10169884,96,174,304,47,89,149,0.17022949,0.32476776,0.54117039,0.16748965,0.28431784,0.40099403
55029,0,USWisconsinDoor,Wisconsin,Door,2020-10-11 01:50:23.039915,2020-06-29 00:00:00.000000,0.34596441,0.64933986,1.12685279,95,179,311,48,92,151,0.17633879,0.33357694,0.54851440,0.17239842,0.28524285,0.42836984
55029,0,USWisconsinDoor,Wisconsin,Door,2020-10-11 01:50:23.039915,2020-06-30 00:00:00.000000,0.34463810,0.67100837,1.15242031,95,185,318,51,95,154,0.18458718,0.34506759,0.56002440,0.17268939,0.28290164,0.42931670
55029,0,USWisconsinDoor,Wisconsin,Door,2020-10-11 01:50:23.039915,2020-07-01 00:00:00.000000,0.34316564,0.70097121,1.17697873,94,193,325,53,98,159,0.19222852,0.35528118,0.57493553,0.17111005,0.28100070,0.42948771
55029,0,USWisconsinDoor,Wisconsin,Door,2020-10-11 01:50:23.039915,2020-07-02 00:00:00.000000,0.34236224,0.72612810,1.20062085,94,200,332,53,100,164,0.19264053,0.36303092,0.59325981,0.17481715,0.28368983,0.42931763
55029,0,USWisconsinDoor,Wisconsin,Door,2020-10-11 01:50:23.039915,2020-07-03 00:00:00.000000,0.34702291,0.75229501,1.22446572,96,208,338,53,103,169,0.19265698,0.37231109,0.61417170,0.18006315,0.28048632,0.43317155
55029,0,USWisconsinDoor,Wisconsin,Door,2020-10-11 01:50:23.039915,2020-07-04 00:00:00.000000,0.36220082,0.77098987,1.25004268,100,213,345,53,106,173,0.19286452,0.38447491,0.62660499,0.19350486,0.28220033,0.43328563
55029,0,USWisconsinDoor,Wisconsin,Door,2020-10-11 01:50:23.039915,2020-07-05 00:00:00.000000,0.37713848,0.78800272,1.29602421,104,218,358,53,109,173,0.19372253,0.39456306,0.62805303,0.19465837,0.28614163,0.43384800
55029,0,USWisconsinDoor,Wisconsin,Door,2020-10-11 01:50:23.039915,2020-07-06 00:00:00.000000,0.39265131,0.81053792,1.33447414,108,224,369,54,112,173,0.19547824,0.40815934,0.62860220,0.19493865,0.28402621,0.43369096
55029,0,USWisconsinDoor,Wisconsin,Door,2020-10-11 01:50:23.039915,2020-07-07 00:00:00.000000,0.40754607,0.82994868,1.37299111,112,229,379,55,116,179,0.20044731,0.41987745,0.64723104,0.19499177,0.28635736,0.43326588
55029,0,USWisconsinDoor,Wisconsin,Door,2020-10-11 01:50:23.039915,2020-07-08 00:00:00.000000,0.42188632,0.85528986,1.40653252,116,236,389,57,119,185,0.20759133,0.43168939,0.67028231,0.19358393,0.28397606,0.43235750
55029,0,USWisconsinDoor,Wisconsin,Door,2020-10-11 01:50:23.039915,2020-07-09 00:00:00.000000,0.43580051,0.87745257,1.42968249,120,242,395,59,123,192,0.21617694,0.44594224,0.69439430,0.19183915,0.28179436,0.43069627
55029,0,USWisconsinDoor,Wisconsin,Door,2020-10-11 01:50:23.039915,2020-07-10 00:00:00.000000,0.44938600,0.89650929,1.45192258,124,248,401,62,128,199,0.22570431,0.46297033,0.71952050,0.18852131,0.28371778,0.43023902
55029,0,USWisconsinDoor,Wisconsin,Door,2020-10-11 01:50:23.039915,2020-07-11 00:00:00.000000,0.46691440,0.92076182,1.47264873,129,254,407,65,130,206,0.23582999,0.47339225,0.74533468,0.17732988,0.28511368,0.42266232
55029,0,USWisconsinDoor,Wisconsin,Door,2020-10-11 01:50:23.039915,2020-07-12 00:00:00.000000,0.48118423,0.95002643,1.49164521,133,262,412,67,134,213,0.24217074,0.48477848,0.77099522,0.17539846,0.28204087,0.41248783
55029,0,USWisconsinDoor,Wisconsin,Door,2020-10-11 01:50:23.039915,2020-07-13 00:00:00.000000,0.48957109,0.97517307,1.51352882,135,269,418,67,138,219,0.24352755,0.50075426,0.79469768,0.17286534,0.27387824,0.39926854
55029,0,USWisconsinDoor,Wisconsin,Door,2020-10-11 01:50:23.039915,2020-07-14 00:00:00.000000,0.49861207,0.98766931,1.53286829,137,273,424,68,141,223,0.24601843,0.51082935,0.80698611,0.17217616,0.27124647,0.38766133
55029,0,USWisconsinDoor,Wisconsin,Door,2020-10-11 01:50:23.039915,2020-07-15 00:00:00.000000,0.50822954,0.99723963,1.55058741,140,275,429,68,142,227,0.24936223,0.51367037,0.82140291,0.17201213,0.27056911,0.37905207
55029,0,USWisconsinDoor,Wisconsin,Door,2020-10-11 01:50:23.039915,2020-07-16 00:00:00.000000,0.51846084,1.00706294,1.56804927,143,278,433,70,145,231,0.25333564,0.52484704,0.83590973,0.17233505,0.26854913,0.36766544
55029,0,USWisconsinDoor,Wisconsin,Door,2020-10-11 01:50:23.039915,2020-07-17 00:00:00.000000,0.52958342,1.00887757,1.58659448,146,279,438,71,147,234,0.25781038,0.53470870,0.84824516,0.18009964,0.26784912,0.36266092
55029,0,USWisconsinDoor,Wisconsin,Door,2020-10-11 01:50:23.039915,2020-07-18 00:00:00.000000,0.54174062,1.01313956,1.60749043,149,280,444,72,150,237,0.26276484,0.54544341,0.85862694,0.17383381,0.26985070,0.36327112
55029,0,USWisconsinDoor,Wisconsin,Door,2020-10-11 01:50:23.039915,2020-07-19 00:00:00.000000,0.55457418,1.02110632,1.63140049,153,282,451,74,154,240,0.26817481,0.55974266,0.86748820,0.16791412,0.26863073,0.34201593
55029,0,USWisconsinDoor,Wisconsin,Door,2020-10-11 01:50:23.039915,2020-07-20 00:00:00.000000,0.56530114,1.04290677,1.64637906,156,288,455,75,161,242,0.27395116,0.58233967,0.87570153,0.15344450,0.26684728,0.34569066
55029,0,USWisconsinDoor,Wisconsin,Door,2020-10-11 01:50:23.039915,2020-07-21 00:00:00.000000,0.57622238,1.07043647,1.66315051,159,296,460,77,165,246,0.27957064,0.59944215,0.88958258,0.15258200,0.26542156,0.35189171
55029,0,USWisconsinDoor,Wisconsin,Door,2020-10-11 01:50:23.039915,2020-07-22 00:00:00.000000,0.58723454,1.09820712,1.68074483,162,303,465,78,169,247,0.28527284,0.61163679,0.89421327,0.15468308,0.26353058,0.33608147
55029,0,USWisconsinDoor,Wisconsin,Door,2020-10-11 01:50:23.039915,2020-07-23 00:00:00.000000,0.59835396,1.11080547,1.69870564,165,307,469,80,171,250,0.29094108,0.61866771,0.90429881,0.15701890,0.26106092,0.32521727
55029,0,USWisconsinDoor,Wisconsin,Door,2020-10-11 01:50:23.039915,2020-07-24 00:00:00.000000,0.60959819,1.11999563,1.71666085,168,309,474,82,172,252,0.29661019,0.62475226,0.91422889,0.15927872,0.26003956,0.32348338
55029,0,USWisconsinDoor,Wisconsin,Door,2020-10-11 01:50:23.039915,2020-07-25 00:00:00.000000,0.62097754,1.13551738,1.73398938,171,314,479,83,173,252,0.30230440,0.62697727,0.91417755,0.16126770,0.25993070,0.32779925
55029,0,USWisconsinDoor,Wisconsin,Door,2020-10-11 01:50:23.039915,2020-07-26 00:00:00.000000,0.63191021,1.15048330,1.74977671,174,318,484,85,173,251,0.30804051,0.62720913,0.90996225,0.16288893,0.25779810,0.33435242
55029,0,USWisconsinDoor,Wisconsin,Door,2020-10-11 01:50:23.039915,2020-07-27 00:00:00.000000,0.63129415,1.15311052,1.77018378,174,319,489,86,173,250,0.31383171,0.62678614,0.90607599,0.16413670,0.25371181,0.34652448
55029,0,USWisconsinDoor,Wisconsin,Door,2020-10-11 01:50:23.039915,2020-07-28 00:00:00.000000,0.63054211,1.15661351,1.78012422,174,320,492,88,173,257,0.32059702,0.62697811,0.93087474,0.16506808,0.25020819,0.34891307
55029,0,USWisconsinDoor,Wisconsin,Door,2020-10-11 01:50:23.039915,2020-07-29 00:00:00.000000,0.63320501,1.17929514,1.80367936,175,326,499,90,174,264,0.32835804,0.63083553,0.95576452,0.16412857,0.24539687,0.37621764
55029,0,USWisconsinDoor,Wisconsin,Door,2020-10-11 01:50:23.039915,2020-07-30 00:00:00.000000,0.63807561,1.19932704,1.84716723,176,331,511,93,175,265,0.33777587,0.63559516,0.96082634,0.16401533,0.24517571,0.38487664
55029,0,USWisconsinDoor,Wisconsin,Door,2020-10-11 01:50:23.039915,2020-07-31 00:00:00.000000,0.63813657,1.20570267,1.88902071,176,333,522,96,178,267,0.34861017,0.64345355,0.96782149,0.16428842,0.24460016,0.37920644
55029,0,USWisconsinDoor,Wisconsin,Door,2020-10-11 01:50:23.039915,2020-08-01 00:00:00.000000,0.63570573,1.21635242,1.90946266,175,336,528,97,180,271,0.35356043,0.65352775,0.98265444,0.16617054,0.24558222,0.37133946
55029,0,USWisconsinDoor,Wisconsin,Door,2020-10-11 01:50:23.039915,2020-08-02 00:00:00.000000,0.63240911,1.23105901,1.90122148,174,340,526,97,181,276,0.35303647,0.65743027,0.99950601,0.16813946,0.24393517,0.37587609
55029,0,USWisconsinDoor,Wisconsin,Door,2020-10-11 01:50:23.039915,2020-08-03 00:00:00.000000,0.62758605,1.24933203,1.89081301,173,345,523,97,183,281,0.35242301,0.66229963,1.01617441,0.16988220,0.24406835,0.39756747
55029,0,USWisconsinDoor,Wisconsin,Door,2020-10-11 01:50:23.039915,2020-08-04 00:00:00.000000,0.62257766,1.25287794,1.87889688,172,346,519,97,182,286,0.35173053,0.65851972,1.03411376,0.17169503,0.24637453,0.39638203
55029,0,USWisconsinDoor,Wisconsin,Door,2020-10-11 01:50:23.039915,2020-08-05 00:00:00.000000,0.62224502,1.25929122,1.92274894,172,348,531,97,184,291,0.35113546,0.66702991,1.05301723,0.17446173,0.24685994,0.39399592
55029,0,USWisconsinDoor,Wisconsin,Door,2020-10-11 01:50:23.039915,2020-08-06 00:00:00.000000,0.62356504,1.25576708,1.97508601,172,347,546,97,186,296,0.35084431,0.67327953,1.07276472,0.17922341,0.24561776,0.39076271
55029,0,USWisconsinDoor,Wisconsin,Door,2020-10-11 01:50:23.039915,2020-08-07 00:00:00.000000,0.62548169,1.26719883,1.97892912,173,350,547,97,186,302,0.35095945,0.67365020,1.09351247,0.18260259,0.24416051,0.38744402
55029,0,USWisconsinDoor,Wisconsin,Door,2020-10-11 01:50:23.039915,2020-08-08 00:00:00.000000,0.62779253,1.29439404,1.98211095,173,358,548,97,187,308,0.35145679,0.67920034,1.11585919,0.18689964,0.24320905,0.35966190
55029,0,USWisconsinDoor,Wisconsin,Door,2020-10-11 01:50:23.039915,2020-08-09 00:00:00.000000,0.63045398,1.31684188,1.98572484,174,364,549,97,189,315,0.35227478,0.68583061,1.14066686,0.19053524,0.24163668,0.33714021
55029,0,USWisconsinDoor,Wisconsin,Door,2020-10-11 01:50:23.039915,2020-08-10 00:00:00.000000,0.65051367,1.32825224,1.98922670,179,367,550,97,189,322,0.35336486,0.68551856,1.16539552,0.19106538,0.24693589,0.35415567
55029,0,USWisconsinDoor,Wisconsin,Door,2020-10-11 01:50:23.039915,2020-08-11 00:00:00.000000,0.67099932,1.33657871,2.01108315,185,369,556,99,192,327,0.35831030,0.69511161,1.18298287,0.19558999,0.24998932,0.36526555
55029,0,USWisconsinDoor,Wisconsin,Door,2020-10-11 01:50:23.039915,2020-08-12 00:00:00.000000,0.68368318,1.37018082,2.03885372,189,379,564,101,195,331,0.36584926,0.70616484,1.19771028,0.19699096,0.25358199,0.36636110
55029,0,USWisconsinDoor,Wisconsin,Door,2020-10-11 01:50:23.039915,2020-08-13 00:00:00.000000,0.68242995,1.39823790,2.06679854,188,386,571,102,198,334,0.37100906,0.71649200,1.20898037,0.19863193,0.25914854,0.36326943
55029,0,USWisconsinDoor,Wisconsin,Door,2020-10-11 01:50:23.039915,2020-08-14 00:00:00.000000,0.68515015,1.40661937,2.09489122,189,389,579,101,199,338,0.36832577,0.72054929,1.22254029,0.20189311,0.26907083,0.35642662
55029,0,USWisconsinDoor,Wisconsin,Door,2020-10-11 01:50:23.039915,2020-08-15 00:00:00.000000,0.69238487,1.42691986,2.12316834,191,394,587,101,199,342,0.36734255,0.71982718,1.23826113,0.20010036,0.27231154,0.35624904
55029,0,USWisconsinDoor,Wisconsin,Door,2020-10-11 01:50:23.039915,2020-08-16 00:00:00.000000,0.70453515,1.43659805,2.15176042,194,397,595,101,202,347,0.36835772,0.73028979,1.25579938,0.19889186,0.27371750,0.36430443
55029,0,USWisconsinDoor,Wisconsin,Door,2020-10-11 01:50:23.039915,2020-08-17 00:00:00.000000,0.74035997,1.45351473,2.17311355,204,402,601,102,203,352,0.37163630,0.73689404,1.27483288,0.19970357,0.27821288,0.36864738
55029,0,USWisconsinDoor,Wisconsin,Door,2020-10-11 01:50:23.039915,2020-08-18 00:00:00.000000,0.78397652,1.48183477,2.21246980,216,409,612,105,204,358,0.38138139,0.73929216,1.29550816,0.20028749,0.28282914,0.39331826
55029,0,USWisconsinDoor,Wisconsin,Door,2020-10-11 01:50:23.039915,2020-08-19 00:00:00.000000,0.81770709,1.49912567,2.28332610,226,414,631,109,208,364,0.39680954,0.75243307,1.31761002,0.20042618,0.28809913,0.44428830
55029,0,USWisconsinDoor,Wisconsin,Door,2020-10-11 01:50:23.039915,2020-08-20 00:00:00.000000,0.81927770,1.52038634,2.35590179,226,420,651,115,213,368,0.41683961,0.77017020,1.33354118,0.20560703,0.29617717,0.45575225
55029,0,USWisconsinDoor,Wisconsin,Door,2020-10-11 01:50:23.039915,2020-08-21 00:00:00.000000,0.81440133,1.56511547,2.43033272,225,433,672,121,216,373,0.44037327,0.78321453,1.35155900,0.21962892,0.30105842,0.45932123
55029,0,USWisconsinDoor,Wisconsin,Door,2020-10-11 01:50:23.039915,2020-08-22 00:00:00.000000,0.81132883,1.58884007,2.50696170,224,439,693,125,219,379,0.45181939,0.79177006,1.37260725,0.22524929,0.31787628,0.46222382
55029,0,USWisconsinDoor,Wisconsin,Door,2020-10-11 01:50:23.039915,2020-08-23 00:00:00.000000,0.81213099,1.61716421,2.58663416,224,447,715,124,223,386,0.44933723,0.80896539,1.39658745,0.22709405,0.33192936,0.46493183
55029,0,USWisconsinDoor,Wisconsin,Door,2020-10-11 01:50:23.039915,2020-08-24 00:00:00.000000,0.82743630,1.67911033,2.67763398,228,464,740,123,229,395,0.44781170,0.82824762,1.42980828,0.25121687,0.34951791,0.48313690
55029,0,USWisconsinDoor,Wisconsin,Door,2020-10-11 01:50:23.039915,2020-08-25 00:00:00.000000,0.85266242,1.72841942,2.75391515,235,478,761,124,232,405,0.44952755,0.84207713,1.46598122,0.25884042,0.36520047,0.50940495
55029,0,USWisconsinDoor,Wisconsin,Door,2020-10-11 01:50:23.039915,2020-08-26 00:00:00.000000,0.88996252,1.79206221,2.83307664,246,495,783,125,237,417,0.45524391,0.85772418,1.50783166,0.26721289,0.37497425,0.51837134
55029,0,USWisconsinDoor,Wisconsin,Door,2020-10-11 01:50:23.039915,2020-08-27 00:00:00.000000,0.94113726,1.88217213,2.91752468,260,520,807,128,247,428,0.46582215,0.89564020,1.54928864,0.27295924,0.38879702,0.55860458
55029,0,USWisconsinDoor,Wisconsin,Door,2020-10-11 01:50:23.039915,2020-08-28 00:00:00.000000,1.00696941,1.96555923,3.00725683,278,543,832,133,259,439,0.48216631,0.93845021,1.59000331,0.27669427,0.40855531,0.55931281
55029,0,USWisconsinDoor,Wisconsin,Door,2020-10-11 01:50:23.039915,2020-08-29 00:00:00.000000,1.08598059,2.04462077,3.10633682,300,565,859,139,272,452,0.50502505,0.98539603,1.63400415,0.28610920,0.42914217,0.58788727
55029,0,USWisconsinDoor,Wisconsin,Door,2020-10-11 01:50:23.039915,2020-08-30 00:00:00.000000,1.16534416,2.14961031,3.22199886,322,594,891,147,283,465,0.53463380,1.02531522,1.68188122,0.29781139,0.46100420,0.62667717
55029,0,USWisconsinDoor,Wisconsin,Door,2020-10-11 01:50:23.039915,2020-08-31 00:00:00.000000,1.24343308,2.26081286,3.35353540,344,625,927,156,297,480,0.56500410,1.07470107,1.73520457,0.30856834,0.48325697,0.64856392
55029,0,USWisconsinDoor,Wisconsin,Door,2020-10-11 01:50:23.039915,2020-09-01 00:00:00.000000,1.33480836,2.40545020,3.58428815,369,665,991,166,312,496,0.60026117,1.13093549,1.79386915,0.31412280,0.50100738,0.67304196
55029,0,USWisconsinDoor,Wisconsin,Door,2020-10-11 01:50:23.039915,2020-09-02 00:00:00.000000,1.44408707,2.56033731,3.87736510,399,708,1072,177,330,514,0.64267738,1.19314639,1.85871561,0.32506406,0.53057989,0.68724934
55029,0,USWisconsinDoor,Wisconsin,Door,2020-10-11 01:50:23.039915,2020-09-03 00:00:00.000000,1.57256860,2.74408051,4.18261770,435,759,1157,191,346,534,0.69090563,1.25267216,1.93040021,0.33929759,0.53649837,0.69937647
55029,0,USWisconsinDoor,Wisconsin,Door,2020-10-11 01:50:23.039915,2020-09-04 00:00:00.000000,1.71608941,2.93845466,4.40658955,474,813,1219,205,370,556,0.74418734,1.33808734,2.01113494,0.36774994,0.54575417,0.71645343
55029,0,USWisconsinDoor,Wisconsin,Door,2020-10-11 01:50:23.039915,2020-09-05 00:00:00.000000,1.85763554,3.13108924,4.65366751,513,866,1287,222,397,583,0.80263481,1.43738453,2.10870320,0.40536130,0.56998531,0.71926989
55029,0,USWisconsinDoor,Wisconsin,Door,2020-10-11 01:50:23.039915,2020-09-06 00:00:00.000000,2.00379346,3.37693735,4.92591153,554,934,1362,240,422,613,0.86867340,1.52805196,2.21653434,0.41567622,0.57940475,0.73933074
55029,0,USWisconsinDoor,Wisconsin,Door,2020-10-11 01:50:23.039915,2020-09-07 00:00:00.000000,2.17043514,3.61402441,5.23118005,600,999,1447,262,450,647,0.94874891,1.62785036,2.34133790,0.42234026,0.58081461,0.74576114
55029,0,USWisconsinDoor,Wisconsin,Door,2020-10-11 01:50:23.039915,2020-09-08 00:00:00.000000,2.35271174,3.88235159,5.56060801,650,1074,1538,283,480,682,1.02616228,1.73617410,2.46594866,0.43617503,0.58966720,0.77182205
55029,0,USWisconsinDoor,Wisconsin,Door,2020-10-11 01:50:23.039915,2020-09-09 00:00:00.000000,2.51559642,4.18108553,5.91417890,696,1156,1636,298,514,732,1.07757063,1.86097668,2.64663891,0.43627204,0.59130336,0.77450226
55029,0,USWisconsinDoor,Wisconsin,Door,2020-10-11 01:50:23.039915,2020-09-10 00:00:00.000000,2.64258608,4.51301565,6.29349101,731,1248,1741,313,550,781,1.13182466,1.98873319,2.82481503,0.43664924,0.58829234,0.76528714
55029,0,USWisconsinDoor,Wisconsin,Door,2020-10-11 01:50:23.039915,2020-09-11 00:00:00.000000,2.77603360,4.86774894,6.69960230,768,1346,1853,328,597,834,1.18885097,2.15870983,3.01488057,0.43873723,0.58715843,0.74017103
55029,0,USWisconsinDoor,Wisconsin,Door,2020-10-11 01:50:23.039915,2020-09-12 00:00:00.000000,2.92646862,5.20374634,7.13032773,809,1439,1972,345,650,890,1.24878203,2.34957876,3.21825006,0.45174123,0.58550337,0.73139337
55029,0,USWisconsinDoor,Wisconsin,Door,2020-10-11 01:50:23.039915,2020-09-13 00:00:00.000000,3.11975143,5.57611255,7.58268819,863,1542,2097,363,701,950,1.31330679,2.53616587,3.43467423,0.45871166,0.58191273,0.71811346
55029,0,USWisconsinDoor,Wisconsin,Door,2020-10-11 01:50:23.039915,2020-09-14 00:00:00.000000,3.33827577,5.92576291,8.04096118,923,1639,2224,383,752,1014,1.38754341,2.72108448,3.66540283,0.45755162,0.57933496,0.73102729
55029,0,USWisconsinDoor,Wisconsin,Door,2020-10-11 01:50:23.039915,2020-09-15 00:00:00.000000,3.56525623,6.33178459,8.62758229,986,1751,2387,407,801,1083,1.47245751,2.89535474,3.91677596,0.45627266,0.56867111,0.73209933
55029,0,USWisconsinDoor,Wisconsin,Door,2020-10-11 01:50:23.039915,2020-09-16 00:00:00.000000,3.79740427,6.75926824,9.33937030,1050,1870,2584,433,858,1157,1.56609561,3.10226006,4.18457068,0.45563966,0.56103135,0.73493312
55029,0,USWisconsinDoor,Wisconsin,Door,2020-10-11 01:50:23.039915,2020-09-17 00:00:00.000000,4.03287724,7.21592376,10.09278878,1115,1996,2792,461,913,1239,1.66654530,3.30111469,4.47968698,0.44774692,0.54428024,0.72667948
55029,0,USWisconsinDoor,Wisconsin,Door,2020-10-11 01:50:23.039915,2020-09-18 00:00:00.000000,4.27031434,7.66682207,10.88441475,1181,2121,3011,490,966,1330,1.77220483,3.49268877,4.80758779,0.43460787,0.53551632,0.71049869
55029,0,USWisconsinDoor,Wisconsin,Door,2020-10-11 01:50:23.039915,2020-09-19 00:00:00.000000,4.50938599,8.10083254,11.70398616,1247,2241,3238,520,1032,1408,1.88176306,3.73248780,5.08915901,0.41856978,0.51642570,0.70198035
55029,0,USWisconsinDoor,Wisconsin,Door,2020-10-11 01:50:23.039915,2020-09-20 00:00:00.000000,4.75073801,8.48607160,12.52380349,1314,2347,3465,551,1099,1500,1.99426312,3.97296955,5.42145172,0.39480123,0.50685696,0.68251600
55029,0,USWisconsinDoor,Wisconsin,Door,2020-10-11 01:50:23.039915,2020-09-21 00:00:00.000000,5.01055915,8.90432918,13.12261560,1386,2463,3630,583,1160,1589,2.10913987,4.19507973,5.74605946,0.37834821,0.50044420,0.64580886
55029,0,USWisconsinDoor,Wisconsin,Door,2020-10-11 01:50:23.039915,2020-09-22 00:00:00.000000,5.25688008,9.29168567,13.72014484,1454,2570,3796,616,1228,1689,2.22845295,4.44005085,6.10630873,0.35904556,0.48093793,0.63309183
55029,0,USWisconsinDoor,Wisconsin,Door,2020-10-11 01:50:23.039915,2020-09-23 00:00:00.000000,5.41297761,9.58625364,14.30752590,1497,2652,3958,650,1293,1786,2.35160637,4.67569496,6.45792857,0.35032820,0.46314820,0.62329203
55029,0,USWisconsinDoor,Wisconsin,Door,2020-10-11 01:50:23.039915,2020-09-24 00:00:00.000000,5.56015512,9.79179201,14.87219032,1538,2709,4114,685,1354,1887,2.47832325,4.89526946,6.82257527,0.33942534,0.45062475,0.60110975
55029,0,USWisconsinDoor,Wisconsin,Door,2020-10-11 01:50:23.039915,2020-09-25 00:00:00.000000,5.69359483,9.98441422,15.39804545,1575,2762,4260,721,1408,1983,2.60829304,5.09217094,7.17048153,0.33634607,0.44144488,0.57030983
55029,0,USWisconsinDoor,Wisconsin,Door,2020-10-11 01:50:23.039915,2020-09-26 00:00:00.000000,5.81460815,10.16176689,15.86565951,1608,2811,4389,758,1453,2073,2.74041133,5.25491982,7.49285583,0.33207750,0.43588612,0.55815300
55029,0,USWisconsinDoor,Wisconsin,Door,2020-10-11 01:50:23.039915,2020-09-27 00:00:00.000000,5.92828778,10.42461977,16.25535741,1640,2884,4497,794,1482,2153,2.87212310,5.35983246,7.78434091,0.32491911,0.41981531,0.53085324
55029,0,USWisconsinDoor,Wisconsin,Door,2020-10-11 01:50:23.039915,2020-09-28 00:00:00.000000,6.03245328,10.68977282,16.54914621,1669,2957,4578,830,1524,2225,3.00125858,5.51173428,8.04329393,0.30814339,0.40248785,0.52287873
55029,0,USWisconsinDoor,Wisconsin,Door,2020-10-11 01:50:23.039915,2020-09-29 00:00:00.000000,6.13330217,10.99430307,16.73737960,1696,3041,4630,864,1549,2288,3.12414392,5.60016722,8.27159273,0.29576048,0.39665439,0.52340796
55029,0,USWisconsinDoor,Wisconsin,Door,2020-10-11 01:50:23.039915,2020-09-30 00:00:00.000000,6.23100137,11.25229821,16.82265120,1723,3113,4654,883,1572,2343,3.19345957,5.68469743,8.46948997,0.28680550,0.38358929,0.52518884
55029,0,USWisconsinDoor,Wisconsin,Door,2020-10-11 01:50:23.039915,2020-10-01 00:00:00.000000,6.27744940,11.36020703,16.83127073,1736,3143,4656,899,1595,2390,3.24972844,5.76768338,8.64152337,0.28141711,0.38028365,0.50469624
55029,0,USWisconsinDoor,Wisconsin,Door,2020-10-11 01:50:23.039915,2020-10-02 00:00:00.000000,6.29403851,11.42153895,16.78108138,1741,3160,4642,914,1624,2417,3.30369019,5.87294280,8.73765436,0.27151355,0.38115475,0.50333828
55029,0,USWisconsinDoor,Wisconsin,Door,2020-10-11 01:50:23.039915,2020-10-03 00:00:00.000000,6.28631917,11.54383560,16.67882520,1739,3193,4614,928,1663,2447,3.35582598,6.01332789,8.84669724,0.24761320,0.37872488,0.50235408
55029,0,USWisconsinDoor,Wisconsin,Door,2020-10-11 01:50:23.039915,2020-10-04 00:00:00.000000,6.25747771,11.64985550,16.54067363,1731,3223,4576,942,1666,2497,3.40689420,6.02474804,9.02571914,0.24450909,0.37571989,0.50950236
55029,0,USWisconsinDoor,Wisconsin,Door,2020-10-11 01:50:23.039915,2020-10-05 00:00:00.000000,6.21338653,11.69885465,16.39708238,1719,3236,4536,944,1664,2531,3.41444755,6.01689722,9.15040629,0.24016663,0.37479404,0.51915286
55029,0,USWisconsinDoor,Wisconsin,Door,2020-10-11 01:50:23.039915,2020-10-06 00:00:00.000000,6.25017692,11.60700200,16.83844173,1729,3211,4658,943,1685,2585,3.40946487,6.09199560,9.34447136,0.23790549,0.37873994,0.53575534
55029,0,USWisconsinDoor,Wisconsin,Door,2020-10-11 01:50:23.039915,2020-10-07 00:00:00.000000,6.29154647,11.53177225,17.17052220,1740,3190,4750,939,1708,2593,3.39680312,6.17545933,9.37278508,0.23673317,0.37833984,0.53941774
55029,0,USWisconsinDoor,Wisconsin,Door,2020-10-11 01:50:23.039915,2020-10-08 00:00:00.000000,6.32974836,11.66489527,17.44859482,1751,3227,4827,934,1721,2592,3.37810807,6.22224322,9.37006880,0.23454669,0.37685156,0.54336468
55029,0,USWisconsinDoor,Wisconsin,Door,2020-10-11 01:50:23.039915,2020-10-09 00:00:00.000000,6.36887370,11.75965085,17.22265632,1762,3253,4765,928,1721,2659,3.35444858,6.22241330,9.61219469,0.23042733,0.37484406,0.54879812
55029,0,USWisconsinDoor,Wisconsin,Door,2020-10-11 01:50:23.039915,2020-10-10 00:00:00.000000,6.41756493,11.74529180,17.31656032,1775,3249,4791,920,1744,2725,3.32605226,6.30633788,9.85049445,0.22723409,0.38145690,0.55502858
55029,0,USWisconsinDoor,Wisconsin,Door,2020-10-11 01:50:23.039915,2020-10-11 00:00:00.000000,6.49517993,11.78779645,17.65936296,1797,3261,4885,911,1776,2786,3.29277064,6.42019683,10.07043460,0.22996667,0.38258301,0.56480727
55029,0,USWisconsinDoor,Wisconsin,Door,2020-10-11 01:50:23.039915,2020-10-12 00:00:00.000000,6.59675761,11.78096183,17.98148987,1825,3259,4975,900,1783,2817,3.25514809,6.44584708,10.18322898,0.22484310,0.37773299,0.57473965
55029,0,USWisconsinDoor,Wisconsin,Door,2020-10-11 01:50:23.039915,2020-10-13 00:00:00.000000,6.50446207,11.59787177,18.28112583,1799,3208,5058,889,1777,2846,3.21416859,6.42383982,10.28687483,0.21980622,0.38201495,0.58409110
55029,0,USWisconsinDoor,Wisconsin,Door,2020-10-11 01:50:23.039915,2020-10-14 00:00:00.000000,6.44790011,11.41209298,18.55659333,1784,3157,5134,877,1764,2872,3.17070812,6.37701972,10.38134983,0.21962573,0.37959106,0.59177497
55029,0,USWisconsinDoor,Wisconsin,Door,2020-10-11 01:50:23.039915,2020-10-15 00:00:00.000000,6.30750658,11.53854101,18.80617699,1745,3192,5203,864,1746,2895,3.12544956,6.31179913,10.46651883,0.21647820,0.37944538,0.62858580
55029,0,USWisconsinDoor,Wisconsin,Door,2020-10-11 01:50:23.039915,2020-10-16 00:00:00.000000,6.20401940,11.41091939,19.02809399,1716,3157,5264,872,1733,2916,3.15180701,6.26607932,10.54221972,0.21293492,0.37540643,0.63970974
55029,0,USWisconsinDoor,Wisconsin,Door,2020-10-11 01:50:23.039915,2020-10-17 00:00:00.000000,6.09888362,11.33879897,19.36863434,1687,3137,5358,884,1727,2935,3.19820359,6.24252741,10.60829198,0.21254825,0.37544211,0.64187713
55029,0,USWisconsinDoor,Wisconsin,Door,2020-10-11 01:50:23.039915,2020-10-18 00:00:00.000000,5.99221106,11.24777383,19.45124421,1657,3112,5381,897,1713,2960,3.24459330,6.19259533,10.70028726,0.21246994,0.37545584,0.64226439
55029,0,USWisconsinDoor,Wisconsin,Door,2020-10-11 01:50:23.039915,2020-10-19 00:00:00.000000,5.88414885,11.21762591,19.56027026,1628,3103,5411,910,1707,3005,3.29041725,6.17309389,10.86292335,0.21243975,0.37546116,0.64233400
55029,0,USWisconsinDoor,Wisconsin,Door,2020-10-11 01:50:23.039915,2020-10-20 00:00:00.000000,5.77486474,11.03497338,19.70022343,1597,3053,5450,917,1695,3046,3.31573110,6.12931475,11.01150229,0.21242786,0.37546326,0.64234709
55029,0,USWisconsinDoor,Wisconsin,Door,2020-10-11 01:50:23.039915,2020-10-21 00:00:00.000000,5.65854441,10.82381738,19.81161497,1565,2994,5481,914,1681,3094,3.30586360,6.07839334,11.18552966,0.21242306,0.37546412,0.64234977
55029,0,USWisconsinDoor,Wisconsin,Door,2020-10-11 01:50:23.039915,2020-10-22 00:00:00.000000,5.40232515,10.68744489,19.87865943,1494,2957,5500,897,1664,3215,3.24500099,6.01518879,11.62219385,0.21242107,0.37546451,0.64235039
55029,0,USWisconsinDoor,Wisconsin,Door,2020-10-11 01:50:23.039915,2020-10-23 00:00:00.000000,5.10226894,10.56468063,19.90094308,1411,2923,5506,873,1643,3308,3.15628253,5.94092152,11.95909784,0.21242023,0.37546470,0.64265299
